1130,11.06.2019,11,16,18,25,33,01
1131,12.06.2019,01,02,04,07,34,04
1132,13.06.2019,01,10,11,25,29,01
1133,14.06.2019,01,02,04,07,27,04
1134,15.06.2019,02,07,15,29,31,03
1135,16.06.2019,06,13,21,27,33,04
1136,17.06.2019,05,06,08,14,30,03
1137,18.06.2019,02,09,14,17,29,04
1138,19.06.2019,03,09,15,16,31,01
1139,20.06.2019,19,20,26,28,35,01
1140,21.06.2019,11,18,21,31,35,01
1141,22.06.2019,06,09,14,17,24,04
1142,23.06.2019,05,22,23,25,28,03
1143,24.06.2019,05,13,23,25,26,04
1144,25.06.2019,02,05,28,31,35,01
1145,26.06.2019,03,18,19,22,28,03
1146,27.06.2019,03,12,24,30,35,02
1147,28.06.2019,03,15,16,26,29,01
1148,29.06.2019,01,08,09,27,30,01
1149,30.06.2019,04,05,11,13,15,03
1150,01.07.2019,09,19,23,28,34,03
1151,02.07.2019,03,20,23,25,29,04
1152,03.07.2019,05,13,23,26,29,02
1153,04.07.2019,01,07,14,25,30,02
1154,05.07.2019,04,05,07,18,27,03
1155,06.07.2019,01,13,18,24,25,04
1156,07.07.2019,06,20,31,32,33,04
1157,08.07.2019,07,14,16,17,23,04
1158,09.07.2019,07,16,19,20,31,04
1159,10.07.2019,22,23,25,26,33,01
1160,11.07.2019,08,11,20,22,23,04
1161,12.07.2019,01,12,20,23,34,04
1162,13.07.2019,05,07,09,30,34,01
1163,14.07.2019,01,08,15,32,33,03
1164,15.07.2019,10,17,21,29,35,01
1165,16.07.2019,03,19,23,28,29,02
1166,17.07.2019,04,07,09,12,31,04
1167,18.07.2019,17,25,30,31,32,01
1168,19.07.2019,02,09,27,29,35,01
1169,20.07.2019,06,15,25,26,28,03
1170,21.07.2019,01,02,07,11,29,02
1171,22.07.2019,04,09,22,26,30,03
1172,23.07.2019,04,09,25,28,29,04
1173,24.07.2019,04,08,13,29,32,04
1174,25.07.2019,03,04,10,13,23,02
1175,26.07.2019,06,09,22,30,33,04
1176,27.07.2019,06,07,17,23,25,02
1177,28.07.2019,06,09,12,16,33,03
1178,29.07.2019,05,14,26,27,32,04
1179,30.07.2019,02,16,23,28,32,01
1180,31.07.2019,01,03,05,06,20,02
1181,01.08.2019,05,09,24,26,27,01
1182,02.08.2019,09,22,25,30,31,04
1183,03.08.2019,06,17,22,25,28,03
1184,04.08.2019,07,11,16,21,22,01
1185,05.08.2019,05,14,25,30,34,02
1186,06.08.2019,08,15,23,25,35,01
1187,07.08.2019,02,29,30,34,35,01
1188,08.08.2019,13,20,21,29,35,01
1189,09.08.2019,02,04,15,19,32,01
1190,10.08.2019,09,16,23,28,33,04
1191,11.08.2019,23,24,28,29,33,02
1192,12.08.2019,01,10,16,25,30,03
1193,13.08.2019,09,10,16,21,33,02
1194,14.08.2019,05,07,10,12,18,02
1195,15.08.2019,03,04,06,07,35,02
1196,16.08.2019,06,14,19,23,35,03
1197,17.08.2019,15,18,28,31,34,04
1198,18.08.2019,03,24,26,27,31,01
1199,19.08.2019,09,17,24,27,31,01
1200,20.08.2019,08,13,24,29,32,04
1201,21.08.2019,02,04,20,23,30,04
1202,22.08.2019,02,08,10,16,17,02
1203,23.08.2019,03,09,13,21,25,03
1204,24.08.2019,08,15,20,26,27,04
1205,25.08.2019,01,19,23,25,29,03
1206,26.08.2019,05,06,19,24,34,04
1207,27.08.2019,05,16,18,23,33,02
1208,28.08.2019,04,05,21,25,28,01
1209,29.08.2019,01,15,16,28,33,02
1210,30.08.2019,05,26,27,30,34,01
1211,31.08.2019,10,13,16,26,33,04
1212,01.09.2019,10,12,16,21,23,04
1213,02.09.2019,05,08,15,19,28,03
1214,03.09.2019,01,04,15,16,34,04
1215,04.09.2019,01,13,22,23,35,02
1216,05.09.2019,03,04,08,33,34,02
1217,06.09.2019,11,12,22,30,32,01
1218,07.09.2019,01,10,21,29,30,01
1219,08.09.2019,11,16,22,24,33,03
1220,09.09.2019,03,22,23,24,30,01
1221,10.09.2019,11,18,20,29,35,04
1222,11.09.2019,07,18,30,31,34,04
1223,12.09.2019,01,06,20,22,30,04
1224,13.09.2019,03,10,13,17,26,03
1225,14.09.2019,03,04,31,33,35,04
1226,15.09.2019,13,14,19,27,28,03
1227,16.09.2019,04,06,10,21,22,01
1228,17.09.2019,03,04,25,30,33,01
1229,18.09.2019,08,12,15,22,31,03
1230,19.09.2019,12,13,21,24,29,03
1231,20.09.2019,05,10,17,27,30,01
1232,21.09.2019,03,07,12,24,27,02
1233,22.09.2019,07,11,13,17,33,01
1234,23.09.2019,04,10,24,26,28,03
1235,24.09.2019,04,05,07,19,35,01
1236,25.09.2019,01,04,09,11,28,04
1237,26.09.2019,08,14,20,23,28,04
1238,27.09.2019,03,05,26,31,35,04
1239,28.09.2019,03,08,17,19,30,04
1240,29.09.2019,04,07,08,15,23,03
1241,30.09.2019,03,05,11,14,24,04
1242,01.10.2019,10,12,13,20,35,01
1243,02.10.2019,07,11,15,26,29,02
1244,03.10.2019,09,13,14,25,30,01
1245,04.10.2019,07,10,19,20,34,02
1246,05.10.2019,01,13,14,17,24,02
1247,06.10.2019,04,12,13,21,31,02
1248,07.10.2019,21,22,23,26,29,02
1249,08.10.2019,04,07,12,15,18,04
1250,09.10.2019,08,09,18,24,32,01
1251,10.10.2019,01,04,12,22,30,01
1252,11.10.2019,05,07,14,28,29,03
1253,12.10.2019,10,12,14,17,32,04
1254,13.10.2019,02,05,07,17,27,03
1255,14.10.2019,03,06,15,17,28,02
1256,15.10.2019,01,07,14,19,30,03
1257,16.10.2019,02,05,07,08,21,01
1258,17.10.2019,05,11,24,29,32,04
1259,18.10.2019,02,22,25,28,29,01
1260,19.10.2019,05,23,27,28,32,01
1261,20.10.2019,19,24,28,33,35,03
1262,21.10.2019,05,22,24,33,34,02
1263,22.10.2019,04,15,19,26,33,02
1264,23.10.2019,04,10,17,21,26,02
1265,24.10.2019,02,13,15,18,21,04
1266,25.10.2019,04,08,26,28,29,02
1267,26.10.2019,08,18,20,21,26,04
1268,27.10.2019,13,16,20,30,33,02
1269,28.10.2019,07,18,22,24,31,01
1270,29.10.2019,01,17,24,28,29,01
1271,30.10.2019,03,21,23,29,30,02
1272,31.10.2019,06,07,12,16,31,01
1273,01.11.2019,03,12,15,16,35,03
1274,02.11.2019,02,16,17,25,27,01
1275,03.11.2019,07,09,15,27,30,01
1276,04.11.2019,03,11,16,22,26,02
1277,05.11.2019,01,11,25,27,29,03
1278,06.11.2019,14,16,24,30,35,01
1279,07.11.2019,05,09,27,30,32,02
1280,08.11.2019,05,14,20,31,33,01
1281,09.11.2019,21,24,31,32,35,01
1282,10.11.2019,09,13,15,24,26,04
1283,11.11.2019,16,17,18,24,32,01
1284,12.11.2019,13,15,20,30,32,02
1285,13.11.2019,07,08,11,20,25,03
1286,14.11.2019,05,10,11,21,25,01
1287,15.11.2019,10,11,14,19,23,01
1288,16.11.2019,04,22,24,25,30,03
1289,17.11.2019,07,10,18,30,35,04
1290,18.11.2019,03,05,12,27,31,04
1291,19.11.2019,02,05,20,23,24,02
1292,20.11.2019,03,08,12,27,33,03
1293,21.11.2019,08,15,16,22,23,01
1294,22.11.2019,13,17,18,25,29,01
1295,23.11.2019,05,18,23,28,29,03
1296,24.11.2019,07,12,13,22,25,02
1297,25.11.2019,01,04,15,18,30,03
1298,26.11.2019,01,04,16,19,33,02
1299,27.11.2019,09,10,19,22,27,03
1300,28.11.2019,01,11,12,16,17,01
1301,29.11.2019,04,12,21,28,34,02
1302,30.11.2019,15,17,19,26,33,02
1303,01.12.2019,07,12,13,20,32,02
1304,02.12.2019,05,07,17,28,34,01
1305,03.12.2019,01,05,08,16,28,02
1306,04.12.2019,04,07,13,19,23,03
1307,05.12.2019,04,11,20,26,29,04
1308,06.12.2019,05,22,25,32,35,01
1309,07.12.2019,01,15,32,34,35,04
1310,08.12.2019,01,02,12,13,30,04
1311,09.12.2019,04,18,20,22,34,02
1312,10.12.2019,02,08,15,27,33,02
1313,11.12.2019,02,05,26,30,32,02
1314,12.12.2019,03,06,10,15,25,02
1315,13.12.2019,01,09,10,15,22,02
1316,14.12.2019,01,07,10,16,18,03
1317,15.12.2019,01,06,21,28,31,03
1318,16.12.2019,11,14,25,27,34,02
1319,17.12.2019,04,16,25,27,30,04
1320,18.12.2019,11,15,25,26,28,04
1321,19.12.2019,02,06,22,25,30,01
1322,20.12.2019,01,04,08,20,32,03
1323,21.12.2019,14,16,17,18,32,04
1324,22.12.2019,01,02,13,19,29,04
1325,23.12.2019,04,06,12,29,33,02
1326,24.12.2019,09,11,15,17,32,01
1327,25.12.2019,22,30,31,34,35,03
1328,26.12.2019,05,12,14,16,32,01
1329,27.12.2019,01,18,25,26,34,04
1330,28.12.2019,19,20,23,32,35,01
1331,29.12.2019,02,04,05,06,24,01
1332,30.12.2019,02,04,09,16,19,01
1333,31.12.2019,05,07,14,23,34,03
1334,01.01.2020,01,06,10,19,28,04
1335,02.01.2020,02,11,25,27,32,02
1336,03.01.2020,02,19,20,31,33,04
1337,04.01.2020,07,21,22,31,32,04
1338,05.01.2020,13,17,22,27,33,04
1339,06.01.2020,02,13,19,21,34,02
1340,07.01.2020,07,11,16,23,27,03
1341,08.01.2020,01,03,04,05,19,03
1342,09.01.2020,04,11,14,24,26,04
1343,10.01.2020,13,18,24,30,32,03
1344,11.01.2020,02,14,15,16,24,03
1345,12.01.2020,03,06,21,22,32,03
1346,13.01.2020,09,12,17,32,33,04
1347,14.01.2020,12,19,28,31,34,01
1348,15.01.2020,05,06,10,20,25,04
1349,16.01.2020,07,11,23,27,32,04
1350,17.01.2020,03,13,24,30,34,03
1351,18.01.2020,15,18,19,20,26,03
1352,19.01.2020,06,10,14,18,27,03
1353,20.01.2020,08,24,26,27,35,02
1354,21.01.2020,02,04,08,13,30,01
1355,22.01.2020,01,07,12,13,31,03
1356,23.01.2020,02,23,29,31,33,03
1357,24.01.2020,01,05,13,29,35,03
1358,25.01.2020,06,11,16,19,31,04
1359,26.01.2020,12,14,23,28,33,04
1360,27.01.2020,02,12,17,23,33,03
1361,28.01.2020,13,18,23,26,31,02
1362,29.01.2020,02,09,10,23,32,03
1363,30.01.2020,03,05,27,28,29,02
1364,31.01.2020,12,18,22,23,28,03
1365,01.02.2020,01,18,23,24,25,03
1366,02.02.2020,01,02,07,13,21,02
1367,03.02.2020,07,13,14,28,32,03
1368,04.02.2020,07,18,26,28,30,01
1369,05.02.2020,13,17,18,20,29,01
1370,06.02.2020,16,24,28,34,35,04
1371,07.02.2020,01,10,20,23,30,02
1372,08.02.2020,08,14,15,16,28,01
1373,09.02.2020,06,12,24,25,33,02
1374,10.02.2020,03,22,28,31,32,02
1375,11.02.2020,08,09,13,17,22,02
1376,12.02.2020,01,02,14,16,18,02
1377,13.02.2020,04,06,19,21,29,04
1378,14.02.2020,16,21,26,28,34,03
1379,15.02.2020,02,11,14,22,28,02
1380,16.02.2020,07,16,18,20,25,02
1381,17.02.2020,09,13,16,23,30,02
1382,18.02.2020,02,03,10,16,31,04
1383,19.02.2020,02,03,07,33,35,04
1384,20.02.2020,11,12,16,18,28,01
1385,21.02.2020,02,09,12,30,33,04
1386,22.02.2020,04,15,21,23,32,04
1387,23.02.2020,05,09,14,31,32,04
1388,24.02.2020,12,15,18,27,32,02
1389,25.02.2020,01,03,06,15,23,04
1390,26.02.2020,04,08,13,23,27,01
1391,27.02.2020,05,08,18,21,34,01
1392,28.02.2020,03,05,06,08,31,04
1393,29.02.2020,03,06,24,27,32,01
1394,01.03.2020,04,08,09,27,33,04
1395,02.03.2020,03,06,10,11,29,03
1396,03.03.2020,05,08,10,13,22,03
1397,04.03.2020,07,09,21,28,31,02
1398,05.03.2020,06,17,21,27,31,03
1399,06.03.2020,06,07,21,27,29,04
1400,07.03.2020,04,08,12,25,32,03
1401,08.03.2020,10,21,24,26,30,04
1402,09.03.2020,04,06,13,24,35,01
1403,10.03.2020,17,18,20,22,24,01
1404,11.03.2020,11,16,19,30,34,03
1405,12.03.2020,02,04,08,25,34,04
1406,13.03.2020,02,03,05,21,35,04
1407,14.03.2020,06,11,15,26,32,02
1408,15.03.2020,03,14,15,20,23,03
1409,16.03.2020,05,09,17,24,29,04
1410,17.03.2020,02,14,25,26,32,04
1411,18.03.2020,01,06,21,25,26,03
1412,19.03.2020,02,06,17,26,31,02
1413,20.03.2020,11,13,16,28,32,01
1414,21.03.2020,09,14,15,19,31,04
1415,22.03.2020,10,18,28,30,31,04
1416,23.03.2020,07,08,13,18,20,04
1417,24.03.2020,05,21,25,28,32,02
1418,25.03.2020,03,11,26,27,34,01
1419,26.03.2020,01,07,09,17,33,01
1420,27.03.2020,03,11,13,29,31,01
1421,28.03.2020,03,13,14,34,35,03
1422,29.03.2020,10,13,24,26,35,02
1423,30.03.2020,09,14,16,31,32,03
1424,31.03.2020,12,15,17,24,33,04
1425,01.04.2020,05,24,25,30,32,01
1426,02.04.2020,02,09,12,14,22,01
1427,03.04.2020,04,06,11,19,25,04
1428,04.04.2020,01,06,19,22,30,03
1429,05.04.2020,05,10,20,28,29,04
1430,06.04.2020,05,06,07,21,25,01
1431,07.04.2020,11,12,21,23,35,02
1432,08.04.2020,03,07,15,25,31,04
1433,09.04.2020,02,05,14,15,29,03
1434,10.04.2020,01,10,12,15,20,03
1435,11.04.2020,01,07,12,14,31,01
1436,12.04.2020,17,20,23,24,32,04
1437,13.04.2020,02,03,11,12,25,01
1438,14.04.2020,09,13,20,24,31,02
1439,15.04.2020,08,22,24,28,35,03
1440,16.04.2020,02,03,14,17,33,03
1441,17.04.2020,09,22,24,32,35,01
1442,18.04.2020,05,06,11,13,22,01
1443,19.04.2020,14,23,24,27,34,01
1444,20.04.2020,04,10,15,23,33,01
1445,21.04.2020,02,10,19,21,30,01
1446,22.04.2020,05,07,09,13,29,03
1447,23.04.2020,08,13,23,28,29,02
1448,24.04.2020,02,06,12,26,33,01
1449,25.04.2020,07,08,14,16,33,01
1450,26.04.2020,10,12,21,23,34,02
1451,27.04.2020,03,14,20,22,27,01
1452,28.04.2020,01,06,11,19,34,03
1453,29.04.2020,03,04,19,22,27,03
1454,30.04.2020,02,09,15,26,28,03
1455,01.05.2020,13,22,28,33,34,02
1456,02.05.2020,03,10,17,20,35,01
1457,03.05.2020,06,08,13,15,25,03
1458,04.05.2020,04,06,15,31,32,02
1459,05.05.2020,06,20,23,28,31,02
1460,06.05.2020,04,09,12,30,35,03
1461,07.05.2020,07,18,20,23,35,03
1462,08.05.2020,03,07,23,33,35,02
1463,09.05.2020,05,16,22,23,26,02
1464,10.05.2020,08,11,18,24,27,01
1465,11.05.2020,06,28,29,31,34,04
1466,12.05.2020,02,09,14,27,29,02
1467,13.05.2020,02,16,17,26,32,01
1468,14.05.2020,03,05,08,26,31,01
1469,15.05.2020,10,18,21,26,35,03
1470,16.05.2020,02,04,08,15,16,03
1471,17.05.2020,02,12,14,27,33,04
1472,18.05.2020,04,21,24,26,32,02
1473,19.05.2020,03,18,20,34,35,04
1474,20.05.2020,01,13,19,21,23,04
1475,21.05.2020,02,10,17,20,22,04
1476,22.05.2020,01,15,16,29,31,04
1477,23.05.2020,03,04,14,20,24,04
1478,24.05.2020,10,13,23,24,28,04
1479,25.05.2020,01,03,19,27,34,03
1480,26.05.2020,19,23,29,33,34,04
1481,27.05.2020,04,05,19,24,26,02
1482,28.05.2020,13,16,20,26,35,02
1483,29.05.2020,16,24,28,31,32,04
1484,30.05.2020,05,12,14,20,24,03
1485,31.05.2020,08,11,12,14,34,01
1486,01.06.2020,08,24,30,33,35,03
1487,02.06.2020,06,10,15,16,34,04
1488,03.06.2020,06,08,18,31,34,02
1489,04.06.2020,07,15,19,22,26,02
1490,05.06.2020,03,13,21,26,31,01
1491,06.06.2020,02,21,27,28,34,03
1492,07.06.2020,05,10,16,19,24,02
1493,08.06.2020,03,18,26,31,32,01
1494,09.06.2020,01,15,22,24,33,03
1495,10.06.2020,02,06,20,34,35,04
1496,11.06.2020,16,18,24,31,35,02
1497,12.06.2020,16,23,24,26,34,03
1498,13.06.2020,04,16,22,27,35,01
1499,14.06.2020,13,16,18,22,26,02
1500,15.06.2020,03,13,14,25,27,01
1501,16.06.2020,03,04,08,09,14,03
1502,17.06.2020,08,10,17,33,34,03
1503,18.06.2020,05,07,08,12,20,02
1504,19.06.2020,01,10,13,32,34,02
1505,20.06.2020,02,04,14,17,26,04
1506,21.06.2020,01,03,20,30,34,02
1507,22.06.2020,06,07,10,25,35,03
1508,23.06.2020,04,11,14,20,31,02
1509,24.06.2020,02,17,22,32,35,03
1510,25.06.2020,18,21,24,25,26,03
1511,26.06.2020,02,03,15,19,31,04
1512,27.06.2020,06,08,11,14,28,02
1513,28.06.2020,16,23,27,28,32,04
1514,29.06.2020,01,11,15,27,32,04
1515,30.06.2020,06,07,09,15,29,02
1516,01.07.2020,11,13,15,16,27,04
1517,02.07.2020,02,04,16,24,26,02
1518,03.07.2020,07,12,16,19,31,04
1519,04.07.2020,19,22,26,29,32,01
1520,05.07.2020,07,12,21,31,33,01
1521,06.07.2020,05,07,10,22,35,03
1522,07.07.2020,05,06,12,13,19,04
1523,08.07.2020,02,20,25,26,29,04
1524,09.07.2020,01,03,10,17,22,04
1525,10.07.2020,02,08,11,17,26,01
1526,11.07.2020,03,13,14,27,33,03
1527,12.07.2020,08,14,21,24,34,01
1528,13.07.2020,01,06,07,19,26,02
1529,14.07.2020,05,06,11,22,35,04
1530,15.07.2020,09,12,21,29,31,01
1531,16.07.2020,02,06,20,21,22,01
1532,17.07.2020,04,09,19,22,33,03
1533,18.07.2020,01,02,16,22,32,04
1534,19.07.2020,08,15,21,23,25,04
1535,20.07.2020,07,12,18,26,31,02
1536,21.07.2020,01,08,16,18,29,01
1537,22.07.2020,07,14,17,19,25,04
1538,23.07.2020,03,06,08,16,24,01
1539,24.07.2020,06,18,19,20,30,03
1540,25.07.2020,06,07,15,18,24,03
1541,26.07.2020,19,24,25,34,35,01
1542,27.07.2020,02,09,14,16,25,04
1543,28.07.2020,02,13,17,21,35,04
1544,29.07.2020,02,04,05,18,35,01
1545,30.07.2020,17,20,23,25,32,02
1546,31.07.2020,07,16,20,32,34,03
1547,01.08.2020,07,17,24,30,31,01
1548,02.08.2020,08,10,11,18,35,04
1549,03.08.2020,12,13,16,23,33,02
1550,04.08.2020,04,24,25,29,32,03
1551,05.08.2020,06,08,09,26,30,01
1552,06.08.2020,03,06,19,31,32,04
1553,07.08.2020,01,02,17,19,27,01
1554,08.08.2020,01,05,21,23,27,01
1555,09.08.2020,11,16,21,24,32,03
1556,10.08.2020,05,12,13,15,29,04
1557,11.08.2020,02,14,21,24,27,02
1558,12.08.2020,12,18,23,30,35,02
1559,13.08.2020,08,11,18,21,29,04
1560,14.08.2020,03,05,10,12,29,02
1561,15.08.2020,08,16,22,23,32,04
1562,16.08.2020,06,18,21,30,34,01
1563,17.08.2020,07,08,25,26,35,01
1564,18.08.2020,04,15,28,30,34,03
1565,19.08.2020,04,13,16,18,30,02
1566,20.08.2020,02,10,22,25,32,02
1567,21.08.2020,01,09,16,23,26,02
1568,22.08.2020,01,09,13,18,32,03
1569,23.08.2020,03,04,12,17,24,03
1570,24.08.2020,04,05,06,11,17,03
1571,25.08.2020,11,15,18,24,26,02
1572,26.08.2020,16,23,26,28,33,01
1573,27.08.2020,11,14,22,25,30,02
1574,28.08.2020,05,06,10,11,22,04
1575,29.08.2020,01,08,19,24,32,01
1576,30.08.2020,04,08,09,11,29,02
1577,31.08.2020,04,08,11,17,31,04
1578,01.09.2020,03,10,11,14,15,02
1579,02.09.2020,01,24,29,30,34,04
1580,03.09.2020,01,02,21,26,35,04
1581,04.09.2020,16,18,21,22,35,02
1582,05.09.2020,02,22,23,24,28,03
1583,06.09.2020,08,13,15,19,22,01
1584,07.09.2020,14,19,20,30,33,03
1585,08.09.2020,10,26,28,32,34,04
1586,09.09.2020,02,16,17,28,33,03
1587,10.09.2020,03,06,07,22,35,04
1588,11.09.2020,06,13,26,28,33,01
1589,12.09.2020,16,20,23,25,29,02
1590,13.09.2020,14,23,30,33,35,02
1591,14.09.2020,07,14,21,23,34,03
1592,15.09.2020,01,02,04,16,28,02
1593,16.09.2020,12,20,25,30,33,02
1594,17.09.2020,06,07,20,28,34,01
1595,18.09.2020,01,04,19,21,32,02
1596,19.09.2020,12,21,23,34,35,02
1597,20.09.2020,05,11,15,20,22,02
1598,21.09.2020,13,14,22,27,31,04
1599,22.09.2020,14,22,26,29,33,02
1600,23.09.2020,01,10,16,24,26,02
1601,24.09.2020,02,04,16,27,35,02
1602,25.09.2020,02,14,16,21,32,02
1603,26.09.2020,10,11,17,22,26,01
1604,27.09.2020,08,11,21,25,27,02
1605,28.09.2020,06,10,22,30,34,02
1606,29.09.2020,01,05,17,23,29,04
1607,30.09.2020,02,16,18,22,30,03
1608,01.10.2020,06,07,09,19,30,02
1609,02.10.2020,03,11,22,28,31,03
1610,03.10.2020,01,04,16,29,30,04
1611,04.10.2020,12,15,21,24,25,04
1612,05.10.2020,06,16,28,32,33,03
1613,06.10.2020,11,16,23,28,31,02
1614,07.10.2020,06,12,18,24,34,03
1615,08.10.2020,15,16,25,28,32,04
1616,09.10.2020,17,19,25,30,34,03
1617,10.10.2020,10,13,21,24,27,03
1618,11.10.2020,09,15,16,17,26,02
1619,12.10.2020,06,10,15,17,20,04
1620,13.10.2020,03,05,22,30,32,01
1621,14.10.2020,02,04,06,14,25,03
1622,15.10.2020,07,16,20,27,33,03
1623,16.10.2020,15,18,25,27,31,02
1624,17.10.2020,04,08,12,20,24,04
1625,18.10.2020,16,19,20,22,23,04
1626,19.10.2020,10,11,18,19,29,03
1627,20.10.2020,02,07,15,27,29,04
1628,21.10.2020,14,15,19,22,29,02
1629,22.10.2020,07,09,13,26,35,01
1630,23.10.2020,11,15,23,27,29,03
1631,24.10.2020,18,21,24,25,33,04
1632,25.10.2020,03,04,20,26,32,02
1633,26.10.2020,11,12,15,21,34,01
1634,27.10.2020,04,07,13,15,31,02
1635,28.10.2020,02,12,15,18,33,01
1636,29.10.2020,07,16,21,24,28,01
1637,30.10.2020,21,22,25,34,35,02
1638,31.10.2020,04,05,07,14,26,02
1639,01.11.2020,12,15,24,25,31,02
1640,02.11.2020,03,04,13,21,33,04
1641,03.11.2020,08,11,26,33,35,03
1642,04.11.2020,12,17,18,28,29,01
1643,05.11.2020,09,10,11,17,27,04
1644,06.11.2020,05,13,24,29,30,04
1645,07.11.2020,01,09,14,22,35,04
1646,08.11.2020,06,19,20,30,34,03
1647,09.11.2020,05,13,23,32,33,01
1648,10.11.2020,11,14,17,27,35,04
1649,11.11.2020,05,10,12,20,31,04
1650,12.11.2020,12,14,17,19,27,01
1651,13.11.2020,02,07,18,22,26,03
1652,14.11.2020,07,10,12,24,25,04
1653,15.11.2020,03,11,19,21,28,02
1654,16.11.2020,06,13,26,27,28,03
1655,17.11.2020,17,22,32,33,35,04
1656,18.11.2020,07,17,24,27,29,01
1657,19.11.2020,02,13,20,21,28,03
1658,20.11.2020,12,17,24,26,31,03
1659,21.11.2020,02,04,18,34,35,03
1660,22.11.2020,04,08,10,26,30,01
1661,23.11.2020,14,17,20,24,35,03
1662,24.11.2020,16,17,25,33,35,01
1663,25.11.2020,01,05,16,22,35,01
1664,26.11.2020,03,14,18,20,33,01
1665,27.11.2020,02,09,20,31,35,01
1666,28.11.2020,13,18,20,24,27,02
1667,29.11.2020,08,13,15,16,26,02
1668,30.11.2020,01,07,17,20,22,04
1669,01.12.2020,14,18,21,24,28,01
1670,02.12.2020,03,05,07,08,35,03
1671,03.12.2020,02,06,18,19,26,03
1672,04.12.2020,07,08,17,25,26,03
1673,05.12.2020,01,04,08,21,25,04
1674,06.12.2020,09,19,21,30,35,04
1675,07.12.2020,02,05,17,20,30,03
1676,08.12.2020,01,04,07,12,33,03
1677,09.12.2020,10,13,27,30,34,04
1678,10.12.2020,03,11,24,26,31,02
1679,11.12.2020,13,15,19,20,31,03
1680,12.12.2020,03,05,06,07,35,01
1681,13.12.2020,02,09,18,28,31,02
1682,14.12.2020,10,13,16,21,33,04
1683,15.12.2020,02,14,15,16,34,01
1684,16.12.2020,02,22,23,26,32,02
1685,17.12.2020,04,14,17,31,33,03
1686,18.12.2020,03,07,25,29,34,02
1687,19.12.2020,04,08,20,31,33,01
1688,20.12.2020,01,04,09,14,22,01
1689,21.12.2020,02,08,18,28,35,04
1690,22.12.2020,02,04,08,09,20,01
1691,23.12.2020,01,06,11,15,18,02
1692,24.12.2020,09,11,16,30,35,02
1693,25.12.2020,03,07,08,14,28,01
1694,26.12.2020,02,10,11,33,34,03
1695,27.12.2020,25,29,32,34,35,03
1696,28.12.2020,01,10,24,30,35,04
1697,29.12.2020,15,19,20,22,24,01
1698,30.12.2020,06,19,21,23,28,04
1699,31.12.2020,01,12,23,31,34,04
1700,01.01.2021,16,23,26,29,31,01
1701,02.01.2021,13,22,24,32,35,03
1702,03.01.2021,12,17,27,30,31,03
1703,04.01.2021,05,12,17,25,34,04
1704,05.01.2021,01,07,22,25,34,01
1705,06.01.2021,01,18,23,24,30,04
1706,07.01.2021,01,06,09,16,28,01
1707,08.01.2021,04,06,13,20,32,02
1708,09.01.2021,09,11,21,24,31,02
1709,10.01.2021,06,10,24,25,31,02
1710,11.01.2021,04,16,27,32,35,03
1711,12.01.2021,07,08,14,18,32,03
1712,13.01.2021,08,10,13,14,28,01
1713,14.01.2021,03,04,07,12,35,03
1714,15.01.2021,01,09,26,27,35,02
1715,16.01.2021,10,13,16,26,30,04
1716,17.01.2021,09,10,22,27,33,03
1717,18.01.2021,02,03,07,19,24,01
1718,19.01.2021,03,10,11,12,30,01
1719,20.01.2021,01,04,06,09,26,02
1720,21.01.2021,01,10,20,25,31,03
1721,22.01.2021,12,18,32,34,35,01
1722,23.01.2021,01,14,16,21,35,03
1723,24.01.2021,04,11,12,13,26,03
1724,25.01.2021,04,08,19,25,29,02
1725,26.01.2021,01,08,14,27,28,04
1726,27.01.2021,06,17,23,25,31,04
1727,28.01.2021,01,07,15,24,26,03
1728,29.01.2021,10,19,29,30,33,04
1729,30.01.2021,01,05,10,23,24,03
1730,31.01.2021,10,20,21,24,25,04
1731,01.02.2021,01,08,12,21,29,04
1732,02.02.2021,01,10,12,19,26,03
1733,03.02.2021,02,05,13,14,25,02
1734,04.02.2021,01,10,13,15,22,03
1735,05.02.2021,01,18,19,24,32,01
1736,06.02.2021,12,14,17,30,34,01
1737,07.02.2021,01,04,12,15,32,03
1738,08.02.2021,04,12,22,24,35,03
1739,09.02.2021,07,08,11,17,23,03
1740,10.02.2021,04,14,15,32,35,02
1741,11.02.2021,02,14,23,28,35,02
1742,12.02.2021,10,11,12,17,34,02
1743,13.02.2021,08,25,27,28,31,04
1744,14.02.2021,08,18,21,25,27,01
1745,15.02.2021,03,08,27,34,35,04
1746,16.02.2021,02,06,10,15,24,02
1747,17.02.2021,09,10,20,27,28,02
1748,18.02.2021,05,07,18,25,35,02
1749,19.02.2021,11,15,16,28,33,03
1750,20.02.2021,06,08,09,17,35,04
1751,21.02.2021,08,23,24,31,33,03
1752,22.02.2021,17,18,24,28,29,04
1753,23.02.2021,17,27,29,31,34,02
1754,24.02.2021,13,22,27,31,35,01
1755,25.02.2021,04,08,13,16,34,03
1756,26.02.2021,02,06,10,11,23,02
1757,27.02.2021,11,15,16,30,34,04
1758,28.02.2021,06,17,19,22,29,03
1759,01.03.2021,01,04,12,18,35,02
1760,02.03.2021,01,02,04,24,28,01
1761,03.03.2021,01,08,12,20,29,03
1762,04.03.2021,08,16,28,30,34,04
1763,05.03.2021,02,11,18,28,32,01
1764,06.03.2021,07,10,14,16,18,01
1765,07.03.2021,01,06,22,25,31,04
1766,08.03.2021,06,09,14,19,21,04
1767,09.03.2021,07,16,17,23,35,01
1768,10.03.2021,03,13,23,31,35,02
1769,11.03.2021,01,06,23,26,35,01
1770,12.03.2021,15,19,22,24,27,03
1771,13.03.2021,02,14,21,26,27,03
1772,14.03.2021,05,06,09,10,14,04
1773,15.03.2021,07,13,14,28,35,01
1774,16.03.2021,14,17,23,27,35,04
1775,17.03.2021,06,16,29,34,35,03
1776,18.03.2021,01,12,13,15,26,03
1777,19.03.2021,05,15,17,23,35,01
1778,20.03.2021,08,11,15,18,33,02
1779,21.03.2021,03,04,07,25,27,03
1780,22.03.2021,01,04,16,29,33,02
1781,23.03.2021,01,15,16,27,32,01
1782,24.03.2021,01,04,07,28,34,02
1783,25.03.2021,01,02,04,05,25,02
1784,26.03.2021,16,18,25,26,29,03
1785,27.03.2021,04,15,20,30,32,03
1786,28.03.2021,01,06,18,24,28,02
1787,29.03.2021,01,17,22,29,33,03
1788,30.03.2021,03,18,29,30,31,03
1789,31.03.2021,01,09,16,19,34,04
1790,01.04.2021,16,22,28,31,35,03
1791,02.04.2021,09,11,17,19,33,03
1792,03.04.2021,07,09,13,16,34,04
1793,04.04.2021,09,13,22,24,32,02
1794,05.04.2021,03,07,14,20,32,04
1795,06.04.2021,16,18,23,26,31,03
1796,07.04.2021,06,16,17,21,35,01
1797,08.04.2021,06,08,09,21,28,01
1798,09.04.2021,07,08,14,30,31,04
1799,10.04.2021,09,25,27,28,32,01
1800,11.04.2021,04,06,15,16,33,03
1801,12.04.2021,05,07,27,34,35,03
1802,13.04.2021,02,06,07,17,25,02
1803,14.04.2021,11,16,18,22,24,01
1804,15.04.2021,13,14,22,28,34,03
1805,16.04.2021,05,09,15,22,32,01
1806,17.04.2021,01,22,23,27,34,04
1807,18.04.2021,02,09,23,24,29,01
1808,19.04.2021,01,05,14,26,27,04
1809,20.04.2021,06,31,32,33,34,03
1810,21.04.2021,08,13,16,23,33,03
1811,22.04.2021,20,25,27,29,32,04
1812,23.04.2021,12,19,29,33,35,02
1813,24.04.2021,04,07,10,12,17,01
1814,25.04.2021,02,06,13,24,25,04
1815,26.04.2021,02,08,24,25,31,04
1816,27.04.2021,14,18,23,33,35,01
1817,28.04.2021,01,02,06,27,33,01
1818,29.04.2021,01,05,13,27,30,02
1819,30.04.2021,03,11,13,15,22,03
1820,01.05.2021,17,22,30,31,34,04
1821,02.05.2021,05,22,28,31,35,04
1822,03.05.2021,06,11,14,15,31,03
1823,04.05.2021,14,17,25,28,30,03
1824,05.05.2021,04,06,11,21,23,03
1825,06.05.2021,02,05,14,15,33,04
1826,07.05.2021,03,07,24,26,34,03
1827,08.05.2021,04,07,25,28,30,04
1828,09.05.2021,02,16,22,33,34,02
1829,10.05.2021,13,19,20,21,35,02
1830,11.05.2021,04,19,26,30,35,03
1831,12.05.2021,03,24,27,30,32,01
1832,13.05.2021,01,02,18,26,27,04
1833,14.05.2021,02,03,15,16,30,02
1834,15.05.2021,01,02,03,17,20,01
1835,16.05.2021,09,16,19,29,31,03
1836,17.05.2021,02,09,22,28,31,03
1837,18.05.2021,01,02,04,08,26,03
1838,19.05.2021,02,06,13,21,29,01
1839,20.05.2021,03,23,25,26,28,01
1840,21.05.2021,01,06,19,27,34,01
1841,22.05.2021,05,06,11,17,19,03
1842,23.05.2021,06,07,14,24,30,02
1843,24.05.2021,06,13,14,18,34,04
1844,25.05.2021,11,20,24,25,31,03
1845,26.05.2021,11,12,31,32,35,01
1846,27.05.2021,02,03,11,25,34,02
1847,28.05.2021,09,19,27,31,33,02
1848,29.05.2021,04,06,07,23,25,04
1849,30.05.2021,10,13,14,17,30,03
1850,31.05.2021,17,23,24,26,31,04
1851,01.06.2021,21,24,26,30,32,03
1852,02.06.2021,02,16,23,24,29,01
1853,03.06.2021,01,08,20,22,34,01
1854,04.06.2021,01,11,20,26,34,01
1855,05.06.2021,02,21,26,28,31,03
1856,06.06.2021,09,11,16,18,22,04
1857,07.06.2021,10,12,15,16,25,02
1858,08.06.2021,03,07,24,34,35,04
1859,09.06.2021,22,23,24,28,34,01
1860,10.06.2021,03,20,22,31,33,02
1861,11.06.2021,05,18,24,31,35,03
1862,12.06.2021,09,11,27,28,31,03
1863,13.06.2021,04,10,22,26,29,02
1864,14.06.2021,04,07,08,11,23,04
1865,15.06.2021,02,12,16,31,33,01
1866,16.06.2021,01,15,16,23,30,02
1867,17.06.2021,23,26,27,28,34,02
1868,18.06.2021,02,12,14,25,33,01
1869,19.06.2021,07,19,22,29,34,02
1870,20.06.2021,04,17,18,21,23,04
1871,21.06.2021,02,06,13,26,28,03
1872,22.06.2021,13,15,22,23,26,03
1873,23.06.2021,03,07,24,28,35,04
1874,24.06.2021,04,16,18,26,27,01
1875,25.06.2021,11,18,26,32,34,01
1876,26.06.2021,03,05,08,32,34,03
1877,27.06.2021,03,06,22,30,33,04
1878,28.06.2021,01,08,19,22,26,01
1879,29.06.2021,01,07,10,30,32,01
1880,30.06.2021,03,08,14,18,23,03
1881,01.07.2021,14,23,25,33,34,01
1882,02.07.2021,01,09,17,20,30,02
1883,03.07.2021,02,06,22,29,32,01
1884,04.07.2021,05,10,17,20,28,02
1885,05.07.2021,04,06,18,24,30,01
1886,06.07.2021,05,06,14,19,24,01
1887,07.07.2021,13,16,23,31,33,04
1888,08.07.2021,03,06,08,11,25,02
1889,09.07.2021,12,14,19,28,34,04
1890,10.07.2021,06,14,24,31,35,01
1891,11.07.2021,07,12,15,17,25,04
1892,12.07.2021,13,14,16,26,32,02
1893,13.07.2021,07,17,19,27,31,02
1894,14.07.2021,06,19,29,30,32,01
1895,15.07.2021,11,17,20,24,27,04
1896,16.07.2021,02,03,05,16,22,04
1897,17.07.2021,11,13,14,17,25,03
1898,18.07.2021,02,05,20,26,27,03
1899,19.07.2021,01,08,12,28,32,02
1900,20.07.2021,02,09,13,16,31,01
1901,21.07.2021,05,06,09,17,22,04
1902,22.07.2021,03,10,14,22,30,02
1903,23.07.2021,02,09,20,25,26,03
1904,24.07.2021,04,13,25,26,28,04
1905,25.07.2021,10,16,20,25,33,01
1906,26.07.2021,04,14,17,29,33,03
1907,27.07.2021,01,10,11,20,29,02
1908,28.07.2021,03,19,24,25,28,02
1909,29.07.2021,01,03,22,23,24,02
1910,30.07.2021,16,18,22,26,34,02
1911,31.07.2021,02,03,06,14,22,03
1912,01.08.2021,17,18,26,28,34,01
1913,02.08.2021,05,10,11,20,35,04
1914,03.08.2021,08,18,19,20,28,02
1915,04.08.2021,08,15,27,28,35,04
1916,05.08.2021,09,16,23,31,35,03
1917,06.08.2021,10,13,18,27,30,01
1918,07.08.2021,04,12,22,24,31,02
1919,08.08.2021,10,15,19,22,34,03
1920,09.08.2021,15,18,21,27,32,02
1921,10.08.2021,02,03,13,26,27,03
1922,11.08.2021,10,12,17,30,34,02
1923,12.08.2021,05,12,14,25,32,02
1924,13.08.2021,15,16,19,20,25,02
1925,14.08.2021,01,02,09,14,30,03
1926,15.08.2021,06,14,15,21,26,04
1927,16.08.2021,11,15,18,25,35,04
1928,17.08.2021,01,02,03,16,27,04
1929,18.08.2021,05,06,12,13,26,04
1930,19.08.2021,03,04,08,26,33,02
1931,20.08.2021,01,03,12,15,24,03
1932,21.08.2021,21,23,25,32,35,02
1933,22.08.2021,03,09,13,19,34,03
1934,23.08.2021,02,06,10,19,21,04
1935,24.08.2021,05,12,13,22,23,01
1936,25.08.2021,01,02,10,21,32,04
1937,26.08.2021,05,13,14,19,33,01
1938,27.08.2021,08,11,13,15,28,03
1939,28.08.2021,19,22,28,30,35,03
1940,29.08.2021,01,06,17,23,25,02
1941,30.08.2021,02,07,25,31,33,01
1942,31.08.2021,05,07,09,12,28,04
1943,01.09.2021,01,22,29,33,34,02
1944,02.09.2021,11,17,19,21,22,04
1945,03.09.2021,05,07,10,14,20,04
1946,04.09.2021,10,12,15,16,27,02
1947,05.09.2021,07,09,23,24,27,01
1948,06.09.2021,10,15,18,22,25,03
1949,07.09.2021,01,05,28,29,34,03
1950,08.09.2021,02,16,26,27,29,02
1951,09.09.2021,12,16,17,22,27,02
1952,10.09.2021,02,05,09,14,31,03
1953,11.09.2021,04,13,16,31,34,04
1954,12.09.2021,08,09,19,20,32,01
1955,13.09.2021,02,08,14,17,26,04
1956,14.09.2021,10,20,25,27,32,02
1957,15.09.2021,08,09,11,15,31,03
1958,16.09.2021,02,08,13,24,32,03
1959,17.09.2021,23,25,29,31,34,02
1960,18.09.2021,01,02,13,18,31,04
1961,19.09.2021,03,07,20,21,24,02
1962,20.09.2021,04,05,19,20,31,01
1963,21.09.2021,04,07,09,13,19,03
1964,22.09.2021,08,11,14,16,30,02
1965,23.09.2021,02,20,22,30,34,04
1966,24.09.2021,06,17,19,30,34,01
1967,25.09.2021,07,22,25,29,34,03
1968,26.09.2021,01,02,12,31,34,04
1969,27.09.2021,06,07,08,15,16,04
1970,28.09.2021,06,11,21,27,29,02
1971,29.09.2021,06,12,13,16,23,03
1972,30.09.2021,04,09,13,23,35,02
1973,01.10.2021,03,14,15,24,26,03
1974,02.10.2021,07,09,17,19,29,01
1975,03.10.2021,09,12,24,25,32,01
1976,04.10.2021,03,20,24,29,33,02
1977,05.10.2021,03,19,24,30,33,01
1978,06.10.2021,01,10,12,16,19,02
1979,07.10.2021,02,05,13,24,26,04
1980,08.10.2021,11,13,20,25,34,04
1981,09.10.2021,07,14,17,25,31,03
1982,10.10.2021,03,18,20,28,31,02
1983,11.10.2021,01,03,06,10,16,04
1984,12.10.2021,01,09,17,24,26,01
1985,13.10.2021,14,17,23,29,35,01
1986,14.10.2021,06,18,21,28,34,03
1987,15.10.2021,01,13,22,28,32,03
1988,16.10.2021,03,20,23,31,35,02
1989,17.10.2021,04,11,13,23,32,04
1990,18.10.2021,06,21,25,28,34,02
1991,19.10.2021,01,10,13,27,29,03
1992,20.10.2021,02,03,08,28,30,02
1993,21.10.2021,02,04,07,21,26,02
1994,22.10.2021,05,17,18,30,34,04
1995,23.10.2021,07,18,21,28,31,03
1996,24.10.2021,06,12,15,16,30,03
1997,25.10.2021,01,15,17,19,23,01
1998,26.10.2021,03,05,29,32,34,02
1999,27.10.2021,01,05,21,23,27,02
2000,28.10.2021,02,14,16,19,32,01
2001,29.10.2021,16,17,21,25,33,04
2002,30.10.2021,01,12,18,22,27,02
2003,31.10.2021,11,16,19,25,34,04
2004,01.11.2021,03,15,20,29,33,03
2005,02.11.2021,07,16,24,25,27,04
2006,03.11.2021,03,23,32,34,35,02
2007,04.11.2021,15,23,30,32,35,04
2008,05.11.2021,08,17,19,22,34,02
2009,06.11.2021,01,06,27,28,30,02
2010,07.11.2021,18,22,24,30,32,02
2011,08.11.2021,02,06,14,26,34,03
2012,09.11.2021,03,10,15,17,19,03
2013,10.11.2021,04,05,14,21,25,01
2014,11.11.2021,02,03,08,13,20,03
2015,12.11.2021,08,13,19,20,22,01
2016,13.11.2021,19,23,24,25,35,03
2017,14.11.2021,03,18,21,27,34,02
2018,15.11.2021,05,11,19,33,35,03
2019,16.11.2021,03,17,29,31,32,04
2020,17.11.2021,01,08,15,21,23,04
2021,18.11.2021,04,10,14,31,34,04
2022,19.11.2021,08,11,15,22,27,01
2023,20.11.2021,08,17,18,26,28,01
2024,21.11.2021,06,10,28,30,31,03
2025,22.11.2021,03,10,18,26,28,03
2026,23.11.2021,03,05,10,19,31,03
2027,24.11.2021,05,06,14,29,30,02
2028,25.11.2021,09,17,21,29,35,01
2029,26.11.2021,04,05,06,12,16,02
2030,27.11.2021,02,11,21,27,33,03
2031,28.11.2021,19,20,24,25,26,04
2032,29.11.2021,05,06,10,18,34,01
2033,30.11.2021,05,13,17,26,35,01
2034,01.12.2021,16,17,25,30,34,02
2035,02.12.2021,01,15,25,28,30,01
2036,03.12.2021,03,07,08,15,32,01
2037,04.12.2021,04,06,21,32,33,04
2038,05.12.2021,07,19,21,24,28,04
2039,06.12.2021,03,04,05,20,22,02
2040,07.12.2021,03,13,28,29,35,04
2041,08.12.2021,03,08,13,20,33,01
2042,09.12.2021,03,17,20,25,26,03
2043,10.12.2021,21,22,26,27,32,02
2044,11.12.2021,08,11,13,27,30,04
2045,12.12.2021,02,03,19,23,31,02
2046,13.12.2021,06,09,16,23,25,03
2047,14.12.2021,05,06,20,22,33,02
2048,15.12.2021,15,20,22,28,30,01
2049,16.12.2021,08,14,17,18,20,01
2050,17.12.2021,10,18,19,23,33,04
2051,18.12.2021,12,30,31,32,33,01
2052,19.12.2021,01,09,16,26,30,01
2053,20.12.2021,10,13,17,24,30,04
2054,21.12.2021,04,05,22,26,30,01
2055,22.12.2021,01,04,06,24,33,02
2056,23.12.2021,14,18,19,27,34,01
2057,24.12.2021,10,13,17,20,28,04
2058,25.12.2021,01,10,13,16,18,02
2059,26.12.2021,03,11,13,24,31,04
2060,27.12.2021,05,14,15,23,24,03
2061,28.12.2021,04,11,22,23,34,01
2062,29.12.2021,11,16,21,28,35,03
2063,30.12.2021,01,13,22,28,31,02
2064,31.12.2021,13,16,23,24,35,02
2065,01.01.2022,08,09,20,25,32,01
2066,02.01.2022,14,15,20,21,25,01
2067,03.01.2022,10,16,17,21,32,03
2068,04.01.2022,02,10,12,25,34,02
2069,05.01.2022,03,14,18,23,29,01
2070,06.01.2022,05,07,10,26,29,04
2071,07.01.2022,09,14,20,26,32,04
2072,08.01.2022,01,15,25,27,31,03
2073,09.01.2022,04,08,22,33,35,01
2074,10.01.2022,12,19,28,30,31,04
2075,11.01.2022,04,07,09,23,27,01
2076,12.01.2022,02,08,11,13,14,01
2077,13.01.2022,01,18,19,27,32,01
2078,14.01.2022,14,18,22,24,28,02
2079,15.01.2022,15,23,29,33,34,01
2080,16.01.2022,05,08,19,21,34,04
2081,17.01.2022,02,03,06,09,29,04
2082,18.01.2022,04,07,09,18,32,01
2083,19.01.2022,05,10,24,25,26,03
2084,20.01.2022,07,08,12,23,29,04
2085,21.01.2022,06,07,24,32,34,03
2086,22.01.2022,01,24,29,31,35,01
2087,23.01.2022,02,04,23,24,32,04
2088,24.01.2022,01,06,14,23,29,01
2089,25.01.2022,16,20,23,27,33,04
2090,26.01.2022,07,13,15,23,28,04
2091,27.01.2022,03,06,08,10,11,02
2092,28.01.2022,02,03,15,18,25,02
2093,29.01.2022,06,14,23,27,35,02
2094,30.01.2022,07,16,17,26,31,01
2095,31.01.2022,03,08,12,21,27,03
2096,01.02.2022,06,14,15,19,22,03
2097,02.02.2022,01,06,07,29,34,04
2098,03.02.2022,02,10,17,28,31,04
2099,04.02.2022,15,16,20,21,23,02
2100,05.02.2022,01,05,30,32,35,02
2101,06.02.2022,11,22,23,32,35,04
2102,07.02.2022,03,10,14,21,30,01
2103,08.02.2022,07,10,11,20,31,03
2104,09.02.2022,02,06,10,15,21,04
2105,10.02.2022,16,18,22,27,32,04
2106,11.02.2022,07,09,16,20,34,01
2107,12.02.2022,06,10,18,26,30,02
2108,13.02.2022,01,25,27,29,34,03
2109,14.02.2022,08,23,24,27,28,04
2110,15.02.2022,05,08,19,30,31,02
2111,16.02.2022,05,07,16,18,25,04
2112,17.02.2022,10,17,18,19,30,01
2113,18.02.2022,04,06,13,26,33,02
2114,19.02.2022,04,07,11,19,25,02
2115,20.02.2022,01,05,14,24,32,02
2116,21.02.2022,07,16,20,22,30,04
2117,22.02.2022,05,06,21,27,33,04
2118,23.02.2022,05,07,24,27,31,04
2119,24.02.2022,16,18,21,26,35,04
2120,25.02.2022,06,15,16,20,22,02
2121,26.02.2022,05,08,11,26,34,03
2122,27.02.2022,02,03,14,17,33,03
2123,28.02.2022,16,17,23,27,33,04
2124,01.03.2022,05,16,19,29,33,01
2125,02.03.2022,03,04,16,21,29,04
2126,03.03.2022,03,14,16,26,35,02
2127,04.03.2022,01,24,25,29,30,01
2128,05.03.2022,04,06,07,28,29,01
2129,06.03.2022,04,26,28,29,35,03
2130,07.03.2022,11,13,19,25,26,02
2131,08.03.2022,03,06,26,27,29,04
2132,09.03.2022,04,10,19,33,34,04
2133,10.03.2022,01,02,07,28,29,01
2134,11.03.2022,02,10,11,26,30,01
2135,12.03.2022,04,08,10,16,18,04
2136,13.03.2022,11,15,18,26,32,04
2137,14.03.2022,01,03,06,08,10,02
2138,15.03.2022,01,06,15,20,22,03
2139,16.03.2022,05,11,14,18,32,03
2140,17.03.2022,04,16,20,23,27,02
2141,18.03.2022,07,12,27,28,31,03
2142,19.03.2022,03,06,20,22,26,01
2143,20.03.2022,04,05,11,13,25,01
2144,21.03.2022,06,09,16,19,22,01
2145,22.03.2022,01,12,29,30,32,01
2146,23.03.2022,10,17,27,32,34,02
2147,24.03.2022,08,20,23,24,34,02
2148,25.03.2022,11,26,27,34,35,02
2149,26.03.2022,08,13,20,24,28,02
2150,27.03.2022,07,15,16,21,25,03
2151,28.03.2022,13,15,16,26,27,01
2152,29.03.2022,03,13,17,22,32,04
2153,30.03.2022,10,15,26,29,32,01
2154,31.03.2022,02,06,09,14,15,01
2155,01.04.2022,08,20,28,29,35,04
2156,02.04.2022,01,07,16,19,33,02
2157,03.04.2022,05,07,12,28,34,01
2158,04.04.2022,03,05,16,26,30,02
2159,05.04.2022,03,12,25,29,34,04
2160,06.04.2022,06,11,19,21,30,04
2161,07.04.2022,16,17,21,23,31,03
2162,08.04.2022,07,08,14,25,27,04
2163,09.04.2022,07,11,16,28,34,03
2164,10.04.2022,07,10,21,30,33,01
2165,11.04.2022,08,15,16,23,25,03
2166,12.04.2022,03,05,21,27,30,04
2167,13.04.2022,01,13,16,30,34,03
2168,14.04.2022,06,12,13,22,34,03
2169,15.04.2022,08,16,24,26,27,04
2170,16.04.2022,11,16,18,34,35,02
2171,17.04.2022,09,13,18,20,32,04
2172,18.04.2022,05,11,20,33,35,04
2173,19.04.2022,05,14,16,18,24,03
2174,20.04.2022,02,04,06,24,35,04
2175,21.04.2022,21,28,30,33,34,04
2176,22.04.2022,11,14,25,28,32,04
2177,23.04.2022,10,14,15,17,30,02
2178,24.04.2022,01,03,10,16,31,03
2179,25.04.2022,02,05,09,17,19,04
2180,26.04.2022,08,10,16,18,22,03
2181,27.04.2022,11,13,21,25,33,02
2182,28.04.2022,11,12,25,32,34,02
2183,29.04.2022,08,20,22,32,35,02
2184,30.04.2022,04,09,16,19,22,03
2185,01.05.2022,12,24,28,33,35,04
2186,02.05.2022,01,07,24,26,34,02
2187,03.05.2022,03,13,20,21,32,01
2188,04.05.2022,01,17,20,30,32,03
2189,05.05.2022,06,15,26,30,33,02
2190,06.05.2022,02,08,27,31,32,01
2191,07.05.2022,08,09,10,17,22,03
2192,08.05.2022,05,08,09,25,34,03
2193,09.05.2022,03,12,31,34,35,02
2194,10.05.2022,06,13,29,30,32,03
2195,11.05.2022,04,05,18,25,30,01
2196,12.05.2022,01,02,10,16,28,01
2197,13.05.2022,18,21,27,28,30,02
2198,14.05.2022,01,04,16,27,32,03
2199,15.05.2022,04,13,19,20,30,03
2200,16.05.2022,08,21,27,32,34,03
2201,17.05.2022,05,24,27,28,33,03
2202,18.05.2022,11,17,23,27,35,02
2203,19.05.2022,08,27,29,31,32,04
2204,20.05.2022,07,10,15,24,26,01
2205,21.05.2022,07,20,24,28,33,01
2206,22.05.2022,03,10,12,26,31,04
2207,23.05.2022,05,08,11,17,23,03
2208,24.05.2022,09,10,12,21,28,01
2209,25.05.2022,05,10,12,34,35,03
2210,26.05.2022,14,16,26,29,34,03
2211,27.05.2022,02,15,20,31,34,02
2212,28.05.2022,02,14,18,31,32,02
2213,29.05.2022,10,12,22,26,27,01
2214,30.05.2022,14,20,26,27,28,03
2215,31.05.2022,08,13,19,27,33,03
2216,01.06.2022,02,08,19,31,33,01
2217,02.06.2022,02,04,15,25,32,03
2218,03.06.2022,02,15,21,25,33,04
2219,04.06.2022,01,14,18,27,32,01
2220,05.06.2022,03,07,16,22,29,02
2221,06.06.2022,05,10,32,34,35,03
2222,07.06.2022,06,12,29,31,32,01
2223,08.06.2022,04,29,32,33,34,04
2224,09.06.2022,07,10,11,15,18,01
2225,10.06.2022,02,03,18,23,33,04
2226,11.06.2022,04,07,22,25,29,04
2227,12.06.2022,09,12,14,20,27,04
2228,13.06.2022,01,04,05,27,30,02
2229,14.06.2022,01,11,18,29,32,04
2230,15.06.2022,09,13,14,25,27,04
2231,16.06.2022,05,14,15,21,34,02
2232,17.06.2022,03,05,09,13,22,01
2233,18.06.2022,07,10,25,26,28,04
2234,19.06.2022,02,08,09,13,18,03
2235,20.06.2022,12,17,20,29,32,02
2236,21.06.2022,04,15,19,24,30,02
2237,22.06.2022,05,07,14,18,29,01
2238,23.06.2022,01,04,16,19,20,01
2239,24.06.2022,01,17,20,29,33,02
2240,25.06.2022,08,22,23,28,30,01
2241,26.06.2022,04,06,08,12,19,01
2242,27.06.2022,02,08,11,18,24,02
2243,28.06.2022,12,23,25,26,31,04
2244,29.06.2022,03,18,20,25,34,01
2245,30.06.2022,11,13,19,20,31,03
2246,01.07.2022,06,11,23,29,30,04
2247,02.07.2022,03,04,19,30,31,04
2248,03.07.2022,03,09,12,17,29,01
2249,04.07.2022,09,12,25,28,31,04
2250,05.07.2022,10,11,16,32,34,03
2251,06.07.2022,13,19,22,31,33,03
2252,07.07.2022,01,02,09,19,21,03
2253,08.07.2022,15,20,31,34,35,02
2254,09.07.2022,09,16,24,25,33,02
2255,10.07.2022,03,05,11,28,32,03
2256,11.07.2022,05,19,23,24,28,02
2257,12.07.2022,06,14,22,31,35,03
2258,13.07.2022,04,21,24,27,34,02
2259,14.07.2022,02,03,07,09,24,04
2260,15.07.2022,01,05,19,22,31,03
2261,16.07.2022,06,17,27,29,31,02
2262,17.07.2022,08,11,14,23,32,01
2263,18.07.2022,04,10,11,17,27,02
2264,19.07.2022,02,16,17,34,35,04
2265,20.07.2022,07,10,17,18,19,01
2266,21.07.2022,01,03,08,10,27,01
2267,22.07.2022,06,09,16,18,29,03
2268,23.07.2022,10,13,15,21,25,03
2269,24.07.2022,12,13,16,22,30,04
2270,25.07.2022,15,25,26,29,31,01
2271,26.07.2022,09,10,12,17,28,01
2272,27.07.2022,03,21,29,30,35,04
2273,28.07.2022,12,23,26,31,34,04
2274,29.07.2022,01,06,22,24,29,02
2275,30.07.2022,08,17,24,29,30,03
2276,31.07.2022,06,11,19,20,31,04
2277,01.08.2022,04,18,20,21,22,03
2278,02.08.2022,06,08,10,15,25,04
2279,03.08.2022,02,10,12,32,35,03
2280,04.08.2022,14,22,28,29,34,02
2281,05.08.2022,02,06,19,28,32,01
2282,06.08.2022,03,04,20,22,32,04
2283,07.08.2022,06,10,19,21,26,03
2284,08.08.2022,13,18,21,28,34,02
2285,09.08.2022,03,16,19,20,28,03
2286,10.08.2022,03,09,15,29,32,03
2287,11.08.2022,07,10,14,17,35,02
2288,12.08.2022,01,15,18,26,35,03
2289,13.08.2022,09,10,12,18,32,02
2290,14.08.2022,03,04,11,23,25,04
2291,15.08.2022,06,11,12,17,22,03
2292,16.08.2022,04,10,13,21,22,02
2293,17.08.2022,19,27,31,33,35,03
2294,18.08.2022,18,22,23,27,35,01
2295,19.08.2022,02,07,16,24,31,03
2296,20.08.2022,07,12,18,26,30,03
2297,21.08.2022,10,13,26,27,33,03
2298,22.08.2022,11,13,14,19,28,02
2299,23.08.2022,07,11,14,16,21,01
2300,24.08.2022,18,22,23,24,32,01
2301,25.08.2022,12,22,24,31,33,03
2302,26.08.2022,09,17,19,25,34,02
2303,27.08.2022,08,23,25,26,29,03
2304,28.08.2022,07,14,17,19,23,01
2305,29.08.2022,09,13,28,33,34,03
2306,30.08.2022,03,19,23,26,28,02
2307,31.08.2022,09,13,16,24,35,03
2308,01.09.2022,11,12,25,32,33,04
2309,02.09.2022,01,03,06,11,31,01
2310,03.09.2022,07,08,12,24,33,03
2311,04.09.2022,04,11,12,13,17,03
2312,05.09.2022,04,08,09,10,30,01
2313,06.09.2022,19,24,25,27,32,04
2314,07.09.2022,02,19,20,24,31,01
2315,08.09.2022,11,23,26,31,32,04
2316,09.09.2022,11,16,22,29,33,04
2317,10.09.2022,06,09,11,22,26,04
2318,11.09.2022,07,08,19,34,35,04
2319,12.09.2022,04,05,08,11,32,01
2320,13.09.2022,04,05,23,30,33,03
2321,14.09.2022,04,08,12,13,29,02
2322,15.09.2022,11,12,16,19,31,04
2323,16.09.2022,03,04,05,17,26,02
2324,17.09.2022,14,17,20,25,33,04
2325,18.09.2022,11,12,26,27,35,04
2326,19.09.2022,13,20,25,28,34,01
2327,20.09.2022,01,15,25,29,30,04
2328,21.09.2022,06,09,26,31,32,04
2329,22.09.2022,09,10,23,27,32,02
2330,23.09.2022,05,07,19,29,35,01
2331,24.09.2022,01,02,06,10,15,04
2332,25.09.2022,07,10,12,20,31,04
2333,26.09.2022,03,07,08,14,16,01
2334,27.09.2022,05,18,28,29,35,03
2335,28.09.2022,13,16,19,29,31,01
2336,29.09.2022,25,26,28,29,33,04
2337,30.09.2022,12,22,31,34,35,02
2338,01.10.2022,01,08,14,28,33,02
2339,02.10.2022,11,13,14,21,27,04
2340,03.10.2022,01,19,23,33,34,01
2341,04.10.2022,06,12,30,31,33,04
2342,05.10.2022,01,02,12,22,30,02
2343,06.10.2022,05,16,20,23,34,03
2344,07.10.2022,09,14,19,27,33,01
2345,08.10.2022,02,03,13,21,34,03
2346,09.10.2022,04,07,14,24,35,02
2347,10.10.2022,05,09,10,29,33,03
2348,11.10.2022,03,05,18,19,28,01
2349,12.10.2022,17,28,32,33,35,02
2350,13.10.2022,06,11,19,20,32,01
2351,14.10.2022,03,18,19,24,26,04
2352,15.10.2022,09,18,22,23,35,04
2353,16.10.2022,05,15,19,26,34,03
2354,17.10.2022,02,04,05,29,31,01
2355,18.10.2022,08,11,22,26,32,03
2356,19.10.2022,05,06,25,33,35,01
2357,20.10.2022,07,19,25,26,34,04
2358,21.10.2022,03,04,22,31,32,04
2359,22.10.2022,03,14,15,24,35,01
2360,23.10.2022,05,13,14,19,29,04
2361,24.10.2022,02,03,11,14,33,04
2362,25.10.2022,10,18,26,32,33,02
2363,26.10.2022,14,22,24,28,29,01
2364,27.10.2022,11,12,22,26,30,03
2365,28.10.2022,01,05,09,14,30,04
2366,29.10.2022,07,11,15,21,29,03
2367,30.10.2022,07,09,21,28,30,01
2368,31.10.2022,13,15,18,22,28,02
2369,01.11.2022,11,12,23,28,32,01
2370,02.11.2022,14,15,18,25,32,03
2371,03.11.2022,09,10,21,24,25,02
2372,04.11.2022,03,05,07,17,23,03
2373,05.11.2022,22,24,32,33,35,03
2374,06.11.2022,08,12,19,26,32,04
2375,07.11.2022,01,02,07,08,35,02
2376,08.11.2022,01,03,16,21,31,02
2377,09.11.2022,02,09,20,27,35,03
2378,10.11.2022,01,12,19,31,33,04
2379,11.11.2022,01,08,10,19,28,03
2380,12.11.2022,02,14,24,26,29,02
2381,13.11.2022,06,17,22,24,28,01
2382,14.11.2022,12,22,25,28,29,02
2383,15.11.2022,04,09,17,28,30,03
2384,16.11.2022,03,18,25,30,31,03
2385,17.11.2022,06,14,18,23,27,04
2386,18.11.2022,03,11,23,30,31,04
2387,19.11.2022,05,08,25,30,32,02
2388,20.11.2022,07,21,24,29,30,03
2389,21.11.2022,10,14,16,17,24,01
2390,22.11.2022,01,07,12,17,23,03
2391,23.11.2022,07,10,19,20,26,03
2392,24.11.2022,01,09,12,15,28,04
2393,25.11.2022,03,14,15,24,33,02
2394,26.11.2022,01,02,11,13,27,02
2395,27.11.2022,06,07,25,32,33,02
2396,28.11.2022,03,14,15,28,35,02
2397,29.11.2022,01,20,26,28,30,04
2398,30.11.2022,02,16,23,24,27,01
2399,01.12.2022,01,02,13,19,33,02
2400,02.12.2022,07,12,14,29,34,03
2401,03.12.2022,08,11,15,28,29,04
2402,04.12.2022,06,08,21,23,35,04
2403,05.12.2022,14,16,25,31,32,04
2404,06.12.2022,04,11,18,21,28,01
2405,07.12.2022,03,10,11,27,31,02
2406,08.12.2022,04,11,18,31,35,04
2407,09.12.2022,04,20,28,29,30,02
2408,10.12.2022,04,05,17,22,27,02
2409,11.12.2022,01,06,08,18,19,01
2410,12.12.2022,02,10,18,28,31,03
2411,13.12.2022,05,06,08,18,26,01
2412,14.12.2022,08,17,20,30,31,04
2413,15.12.2022,03,04,10,21,30,01
2414,16.12.2022,05,14,21,32,34,02
2415,17.12.2022,09,16,18,24,29,01
2416,18.12.2022,04,19,22,23,29,04
2417,19.12.2022,05,08,19,25,26,01
2418,20.12.2022,01,11,16,17,34,03
2419,21.12.2022,06,17,18,32,34,01
2420,22.12.2022,15,18,29,32,33,01
2421,23.12.2022,04,12,13,32,33,02
2422,24.12.2022,04,12,23,28,30,04
2423,25.12.2022,22,23,26,30,31,02
2424,26.12.2022,01,06,11,14,24,01
2425,27.12.2022,07,13,16,23,35,02
2426,28.12.2022,16,19,26,31,35,02
2427,29.12.2022,08,09,15,28,35,04
2428,30.12.2022,03,08,17,23,25,02
2429,31.12.2022,03,07,18,20,31,04
2430,01.01.2023,10,14,27,32,35,01
2431,02.01.2023,07,14,21,30,32,03
2432,03.01.2023,19,20,24,25,28,02
2433,04.01.2023,14,15,17,18,26,03
2434,05.01.2023,02,07,15,18,24,03
2435,06.01.2023,01,17,21,29,31,02
2436,07.01.2023,02,12,22,31,32,03
2437,08.01.2023,09,13,15,17,21,03
2438,09.01.2023,04,12,15,19,26,02
2439,10.01.2023,05,22,27,28,34,02
2440,11.01.2023,02,11,17,18,30,01
2441,12.01.2023,07,08,12,14,27,02
2442,13.01.2023,05,06,29,31,32,02
2443,14.01.2023,02,06,25,28,29,03
2444,15.01.2023,01,04,09,17,21,04
2445,16.01.2023,04,08,09,17,26,03
2446,17.01.2023,06,24,25,31,32,01
2447,18.01.2023,10,23,31,32,35,04
2448,19.01.2023,10,18,19,28,35,02
2449,20.01.2023,08,15,16,22,27,02
2450,21.01.2023,03,05,21,23,34,02
2451,22.01.2023,06,21,24,26,27,01
2452,23.01.2023,12,13,18,26,32,01
2453,24.01.2023,03,05,08,26,31,02
2454,25.01.2023,05,09,20,21,31,04
2455,26.01.2023,02,06,08,17,35,02
2456,27.01.2023,06,19,27,30,33,02
2457,28.01.2023,09,13,19,20,21,01
2458,29.01.2023,02,15,23,25,31,04
2459,30.01.2023,01,05,10,14,21,03
2460,31.01.2023,01,05,11,28,30,02
2461,01.02.2023,10,12,18,21,28,03
2462,02.02.2023,02,10,16,18,34,04
2463,03.02.2023,06,09,10,23,26,01
2464,04.02.2023,03,05,16,31,32,04
2465,05.02.2023,09,19,21,22,30,04
2466,06.02.2023,06,07,08,09,20,01
2467,07.02.2023,04,05,08,12,33,04
2468,08.02.2023,02,04,21,34,35,01
2469,09.02.2023,13,14,16,23,32,02
2470,10.02.2023,01,02,19,22,23,01
2471,11.02.2023,14,24,26,28,32,01
2472,12.02.2023,05,12,20,21,33,01
2473,13.02.2023,06,12,14,27,34,03
2474,14.02.2023,01,02,10,13,31,02
2475,15.02.2023,05,08,10,13,28,01
2476,16.02.2023,01,12,18,26,35,03
2477,17.02.2023,08,09,13,15,29,03
2478,18.02.2023,04,05,12,20,33,04
2479,19.02.2023,02,10,23,24,35,03
2480,20.02.2023,05,14,17,20,29,03
2481,21.02.2023,04,11,12,30,31,04
2482,22.02.2023,10,11,17,19,30,04
2483,23.02.2023,10,13,16,31,34,01
2484,24.02.2023,01,04,16,24,29,01
2485,25.02.2023,05,15,24,29,35,02
2486,26.02.2023,06,07,09,29,31,03
2487,27.02.2023,07,27,29,32,33,03
2488,28.02.2023,10,13,19,20,25,03
2489,01.03.2023,01,12,19,24,31,02
2490,02.03.2023,03,16,23,26,29,03
2491,03.03.2023,01,17,22,25,29,02
2492,04.03.2023,11,27,28,33,34,03
2493,05.03.2023,06,18,20,25,27,04
2494,06.03.2023,01,08,15,18,30,01
2495,07.03.2023,04,14,16,34,35,02
2496,08.03.2023,03,13,16,23,25,02
2497,09.03.2023,05,06,24,26,30,04
2498,10.03.2023,02,05,06,22,26,04
2499,11.03.2023,10,20,25,26,28,02
2500,12.03.2023,04,06,15,19,35,01
2501,13.03.2023,15,17,21,22,32,02
2502,14.03.2023,01,11,22,26,31,03
2503,15.03.2023,08,13,18,25,32,02
2504,16.03.2023,05,07,08,20,23,01
2505,17.03.2023,21,23,24,26,31,01
2506,18.03.2023,03,05,14,30,35,04
2507,19.03.2023,02,07,13,15,17,02
2508,20.03.2023,03,15,23,30,34,03
2509,21.03.2023,10,20,28,29,35,03
2510,22.03.2023,03,05,13,25,27,01
2511,23.03.2023,03,05,30,31,33,01
2512,24.03.2023,05,16,23,25,34,03
2513,25.03.2023,03,11,18,21,25,04
2514,26.03.2023,05,06,23,24,29,01
2515,27.03.2023,04,07,08,31,32,04
2516,28.03.2023,03,21,23,33,35,03
2517,29.03.2023,02,04,06,11,31,02
2518,30.03.2023,04,11,13,19,26,02
2519,31.03.2023,13,29,30,31,34,02
2520,01.04.2023,15,18,25,29,34,01
2521,02.04.2023,04,06,23,30,33,03
2522,03.04.2023,01,17,20,27,32,04
2523,04.04.2023,03,09,24,25,27,03
2524,05.04.2023,04,10,11,17,34,01
2525,06.04.2023,01,15,21,25,26,01
2526,07.04.2023,03,11,15,26,27,03
2527,08.04.2023,09,12,14,16,25,01
2528,09.04.2023,08,11,21,23,33,04
2529,10.04.2023,09,13,18,25,30,01
2530,11.04.2023,03,06,09,14,18,03
2531,12.04.2023,01,06,08,14,30,02
2532,13.04.2023,04,06,24,29,32,01
2533,14.04.2023,03,15,20,26,32,01
2534,15.04.2023,05,08,13,17,26,01
2535,16.04.2023,01,06,09,29,35,04
2536,17.04.2023,01,06,14,17,31,01
2537,18.04.2023,18,19,22,25,31,04
2538,19.04.2023,01,04,09,18,23,01
2539,20.04.2023,13,14,25,31,33,02
2540,21.04.2023,15,25,27,28,30,04
2541,22.04.2023,05,16,23,30,32,04
2542,23.04.2023,04,09,18,26,34,01
2543,24.04.2023,02,21,27,31,32,01
2544,25.04.2023,03,10,23,28,31,01
2545,26.04.2023,05,12,16,22,35,04
2546,27.04.2023,05,07,11,28,31,01
2547,28.04.2023,06,19,24,27,28,02
2548,29.04.2023,14,18,21,25,33,01
2549,30.04.2023,06,10,13,14,26,02
2550,01.05.2023,22,24,28,29,30,01
2551,02.05.2023,08,15,22,24,34,02
2552,03.05.2023,03,08,27,28,33,04
2553,04.05.2023,06,10,21,30,35,03
2554,05.05.2023,05,11,12,15,32,04
2555,06.05.2023,10,15,17,22,33,04
2556,07.05.2023,15,19,26,32,33,03
2557,08.05.2023,03,10,19,30,33,04
2558,09.05.2023,09,17,20,25,28,03
2559,10.05.2023,04,06,07,12,34,02
2560,11.05.2023,03,05,18,28,33,01
2561,12.05.2023,01,02,06,20,31,01
2562,13.05.2023,14,17,21,25,30,04
2563,14.05.2023,09,11,20,23,31,04
2564,15.05.2023,01,25,28,30,31,02
2565,16.05.2023,10,11,14,16,22,04
2566,17.05.2023,06,07,13,21,34,04
2567,18.05.2023,02,05,25,27,31,01
2568,19.05.2023,02,06,12,16,35,01
2569,20.05.2023,09,13,20,25,33,01
2570,21.05.2023,08,12,13,22,25,02
2571,22.05.2023,07,09,14,28,32,03
2572,23.05.2023,14,20,32,33,35,01
2573,24.05.2023,03,13,19,20,32,01
2574,25.05.2023,03,09,10,11,20,03
2575,26.05.2023,06,09,11,14,21,04
2576,27.05.2023,03,15,22,27,31,02
2577,28.05.2023,06,18,27,32,33,04
2578,29.05.2023,01,11,15,22,32,02
2579,30.05.2023,01,04,06,33,35,04
2580,31.05.2023,08,10,12,14,20,02
2581,01.06.2023,02,07,23,27,35,01
2582,02.06.2023,12,24,27,31,32,04
2583,03.06.2023,12,16,19,25,34,03
2584,04.06.2023,11,18,27,30,31,03
2585,05.06.2023,06,11,14,18,28,02
2586,06.06.2023,09,11,28,33,35,04
2587,07.06.2023,09,17,19,20,35,04
2588,08.06.2023,14,19,28,29,30,01
2589,09.06.2023,09,22,31,33,34,02
2590,10.06.2023,08,19,25,30,34,01
2591,11.06.2023,09,16,23,30,35,02
2592,12.06.2023,03,05,07,13,19,04
2593,13.06.2023,02,03,12,26,30,01
2594,14.06.2023,03,06,19,29,34,03
2595,15.06.2023,03,06,08,11,13,03
2596,16.06.2023,06,07,08,15,27,04
2597,17.06.2023,05,16,21,28,31,03
2598,18.06.2023,03,08,18,22,26,01
2599,19.06.2023,05,11,21,25,33,01
2600,20.06.2023,04,08,10,20,26,03
2601,21.06.2023,07,11,20,21,33,02
2602,22.06.2023,14,15,18,25,26,03
2603,23.06.2023,09,10,12,19,29,03
2604,24.06.2023,02,12,29,31,35,02
2605,25.06.2023,01,06,14,19,27,03
2606,26.06.2023,16,26,27,33,35,01
2607,27.06.2023,05,06,07,14,24,01
2608,28.06.2023,03,05,16,22,32,04
2609,29.06.2023,05,08,13,21,29,01
2610,30.06.2023,08,11,20,23,24,04
2611,01.07.2023,01,18,23,27,29,03
2612,02.07.2023,01,09,18,23,29,03
2613,03.07.2023,11,13,27,30,34,02
2614,04.07.2023,07,12,20,22,33,01
2615,05.07.2023,06,08,20,25,35,01
2616,06.07.2023,04,09,20,27,28,01
2617,07.07.2023,04,07,17,29,31,04
2618,08.07.2023,19,21,22,26,30,01
2619,09.07.2023,11,17,22,26,35,01
2620,10.07.2023,07,10,17,27,34,01
2621,11.07.2023,05,07,14,33,34,03
2622,12.07.2023,05,19,25,27,33,01
2623,13.07.2023,09,18,29,32,34,03
2624,14.07.2023,11,14,21,32,33,01
2625,15.07.2023,01,04,17,28,34,01
2626,16.07.2023,01,13,27,31,34,01
2627,17.07.2023,03,22,23,27,34,01
2628,18.07.2023,15,16,24,30,33,04
2629,19.07.2023,04,09,22,25,27,03
2630,20.07.2023,02,17,21,22,30,04
2631,21.07.2023,04,16,17,28,29,02
2632,22.07.2023,03,14,21,27,29,01
2633,23.07.2023,02,10,21,26,34,02
2634,24.07.2023,06,08,16,18,23,02
2635,25.07.2023,04,17,18,20,22,02
2636,26.07.2023,03,08,09,17,24,04
2637,27.07.2023,03,06,10,27,35,04
2638,28.07.2023,01,12,13,23,34,01
2639,29.07.2023,04,10,21,28,32,03
2640,30.07.2023,06,07,10,18,23,03
2641,31.07.2023,09,21,22,25,31,03
2642,01.08.2023,03,17,19,23,25,02
2643,02.08.2023,05,11,15,20,35,01
2644,03.08.2023,13,16,19,21,26,02
2645,04.08.2023,08,10,19,20,26,03
2646,05.08.2023,07,14,18,19,22,04
2647,06.08.2023,02,10,18,20,28,04
2648,07.08.2023,08,18,25,30,31,02
2649,08.08.2023,05,06,11,23,35,02
2650,09.08.2023,03,12,18,27,29,04
2651,10.08.2023,04,07,09,24,33,03
2652,11.08.2023,06,08,09,23,33,03
2653,12.08.2023,01,03,20,26,27,02
2654,13.08.2023,09,13,24,28,30,02
2655,14.08.2023,21,22,24,28,31,04
2656,15.08.2023,07,14,21,30,32,03
2657,16.08.2023,02,14,16,28,32,04
2658,17.08.2023,06,08,10,22,23,02
2659,18.08.2023,07,14,23,24,26,01
2660,19.08.2023,07,09,21,30,31,02
2661,20.08.2023,13,18,21,23,32,01
2662,21.08.2023,03,05,06,09,34,02
2663,22.08.2023,01,09,14,19,33,01
2664,23.08.2023,01,18,19,26,29,04
2665,24.08.2023,10,15,16,21,34,04
2666,25.08.2023,12,26,27,28,31,02
2667,26.08.2023,02,27,29,30,35,03
2668,27.08.2023,06,07,15,30,32,02
2669,28.08.2023,13,14,16,27,29,04
2670,29.08.2023,03,07,11,27,29,02
2671,30.08.2023,02,09,13,14,20,04
2672,31.08.2023,01,11,16,17,33,03
2673,01.09.2023,06,07,15,24,32,03
2674,02.09.2023,05,18,24,28,30,01
2675,03.09.2023,13,18,19,26,35,01
2676,04.09.2023,03,17,18,21,24,01
2677,05.09.2023,17,31,32,33,35,03
2678,06.09.2023,02,13,24,25,29,02
2679,07.09.2023,09,17,27,28,32,03
2680,08.09.2023,02,10,27,31,32,03
2681,09.09.2023,05,07,10,23,35,02
2682,10.09.2023,02,13,22,26,28,01
2683,11.09.2023,16,23,25,27,34,04
2684,12.09.2023,05,27,29,34,35,02
2685,13.09.2023,04,05,11,19,28,03
2686,14.09.2023,02,06,07,22,30,03
2687,15.09.2023,16,29,31,34,35,04
2688,16.09.2023,09,10,18,24,26,04
2689,17.09.2023,01,05,12,21,24,02
2690,18.09.2023,04,08,10,16,24,02
2691,19.09.2023,03,04,05,11,29,04
2692,20.09.2023,09,10,21,23,26,02
2693,21.09.2023,02,13,22,26,32,03
2694,22.09.2023,06,15,24,26,34,03
2695,23.09.2023,21,22,27,32,35,04
2696,24.09.2023,04,13,18,27,34,01
2697,25.09.2023,04,20,31,32,35,04
2698,26.09.2023,13,17,25,30,34,01
2699,27.09.2023,05,13,16,21,33,02
2700,28.09.2023,03,17,24,27,33,03
2701,29.09.2023,05,06,09,23,30,01
2702,30.09.2023,03,14,27,30,34,02
2703,01.10.2023,03,04,05,34,35,03
2704,02.10.2023,03,21,23,26,32,02
2705,03.10.2023,22,23,24,34,35,02
2706,04.10.2023,05,19,23,27,35,04
2707,05.10.2023,23,25,26,33,35,01
2708,06.10.2023,08,09,12,20,33,02
2709,07.10.2023,02,08,13,24,29,03
2710,08.10.2023,04,09,15,25,28,02
2711,09.10.2023,12,21,22,25,30,04
2712,10.10.2023,03,22,23,25,35,01
2713,11.10.2023,09,23,25,28,30,01
2714,12.10.2023,05,13,21,28,32,02
2715,13.10.2023,03,06,10,13,35,01
2716,14.10.2023,08,12,15,26,35,04
2717,15.10.2023,14,18,22,27,32,04
2718,16.10.2023,04,06,11,27,30,04
2719,17.10.2023,09,11,15,23,26,03
2720,18.10.2023,01,03,19,26,34,03
2721,19.10.2023,04,05,25,26,32,03
2722,20.10.2023,02,05,08,26,30,03
2723,21.10.2023,05,09,12,20,22,01
2724,22.10.2023,10,11,20,28,35,02
2725,23.10.2023,01,11,13,14,20,02
2726,24.10.2023,05,12,18,23,24,01
2727,25.10.2023,02,04,23,25,33,02
2728,26.10.2023,02,12,14,18,25,01
2729,27.10.2023,06,07,12,24,28,03
2730,28.10.2023,04,05,21,23,31,02
2731,29.10.2023,09,10,14,15,33,02
2732,30.10.2023,04,05,19,22,27,02
2733,31.10.2023,02,11,16,25,32,04
2734,01.11.2023,01,07,21,25,26,04
2735,02.11.2023,06,14,16,24,28,01
2736,03.11.2023,01,04,08,15,29,02
2737,04.11.2023,04,07,10,14,30,01
2738,05.11.2023,04,13,18,26,35,02
2739,06.11.2023,05,10,17,18,31,03
2740,07.11.2023,06,07,10,18,31,02
2741,08.11.2023,04,20,23,26,27,04
2742,09.11.2023,07,14,28,30,34,03
2743,10.11.2023,09,16,22,26,31,04
2744,11.11.2023,07,14,21,26,29,03
2745,12.11.2023,12,16,17,23,34,04
2746,13.11.2023,05,15,23,28,31,01
2747,14.11.2023,05,06,07,15,31,01
2748,15.11.2023,05,06,19,24,26,02
2749,16.11.2023,05,09,12,28,34,01
2750,17.11.2023,03,15,17,31,34,04
2751,18.11.2023,13,14,15,21,35,02
2752,19.11.2023,07,16,25,26,29,02
2753,20.11.2023,02,20,23,32,35,03
2754,21.11.2023,05,06,17,26,27,01
2755,22.11.2023,01,04,12,15,22,03
2756,23.11.2023,04,10,15,22,30,04
2757,24.11.2023,06,12,21,27,34,01
2758,25.11.2023,03,17,26,27,32,03
2759,26.11.2023,01,14,19,22,32,03
2760,27.11.2023,02,10,22,24,26,03
2761,28.11.2023,06,09,12,17,21,01
2762,29.11.2023,08,09,18,26,34,03
2763,30.11.2023,09,15,17,20,35,03
2764,01.12.2023,11,16,21,24,33,03
2765,02.12.2023,19,23,24,28,30,04
2766,03.12.2023,04,06,15,16,34,01
2767,04.12.2023,05,09,13,16,26,03
2768,05.12.2023,03,12,14,28,34,04
2769,06.12.2023,17,21,27,31,35,04
2770,07.12.2023,07,14,25,28,30,04
2771,08.12.2023,02,03,04,19,28,03
2772,09.12.2023,08,24,25,28,29,01
2773,10.12.2023,02,17,18,21,29,01
2774,11.12.2023,01,19,20,28,29,02
2775,12.12.2023,10,23,25,27,30,03
2776,13.12.2023,12,15,21,22,31,04
2777,14.12.2023,04,19,20,21,25,02
2778,15.12.2023,01,09,18,22,25,04
2779,16.12.2023,14,23,27,34,35,03
2780,17.12.2023,23,24,33,34,35,02
2781,18.12.2023,06,21,23,24,27,01
2782,19.12.2023,01,02,07,14,17,03
2783,20.12.2023,06,08,17,19,27,01
2784,21.12.2023,09,13,17,18,27,02
2785,22.12.2023,12,18,23,24,27,03
2786,23.12.2023,08,11,25,29,33,03
2787,24.12.2023,05,14,16,22,31,01
2788,25.12.2023,02,15,26,29,35,01
2789,26.12.2023,01,08,18,24,31,02
2790,27.12.2023,02,05,09,16,30,01
2791,28.12.2023,10,17,19,21,31,03
2792,29.12.2023,03,10,15,18,34,03
2793,30.12.2023,05,21,22,28,35,01
2794,31.12.2023,07,09,10,14,31,02
2795,01.01.2024,02,12,23,26,30,02
2796,02.01.2024,13,18,19,23,29,04
2797,03.01.2024,05,07,13,16,27,01
2798,04.01.2024,11,14,15,17,23,03
2799,05.01.2024,10,13,28,33,34,03
2800,06.01.2024,02,19,23,29,34,03
2801,07.01.2024,06,11,20,26,32,03
2802,08.01.2024,08,16,23,25,35,04
2803,09.01.2024,09,17,23,33,34,02
2804,10.01.2024,02,07,26,29,34,01
2805,11.01.2024,03,06,11,13,17,04
2806,12.01.2024,11,17,21,30,35,03
2807,13.01.2024,10,11,12,30,34,04
2808,14.01.2024,01,05,12,15,19,02
2809,15.01.2024,12,19,22,24,34,02
2810,16.01.2024,01,05,21,26,27,03
2811,17.01.2024,02,11,16,24,32,01
2812,18.01.2024,01,06,12,16,23,03
2813,19.01.2024,18,21,27,28,29,01
2814,20.01.2024,07,11,24,25,34,03
2815,21.01.2024,09,14,21,22,30,02
2816,22.01.2024,08,14,20,23,27,02
2817,23.01.2024,26,31,33,34,35,04
2818,24.01.2024,15,17,24,28,32,02
2819,25.01.2024,16,20,23,29,33,03
2820,26.01.2024,17,19,21,27,33,01
2821,27.01.2024,14,19,25,26,31,02
2822,28.01.2024,07,11,15,26,32,04
2823,29.01.2024,18,22,23,30,31,04
2824,30.01.2024,05,07,09,13,34,01
2825,31.01.2024,06,07,15,31,33,03
2826,01.02.2024,01,07,18,19,20,01
2827,02.02.2024,06,14,19,22,33,04
2828,03.02.2024,01,02,10,25,35,02
2829,04.02.2024,03,14,19,21,26,03
2830,05.02.2024,01,02,16,25,31,02
2831,06.02.2024,01,04,20,27,32,02
2832,07.02.2024,03,13,25,28,30,02
2833,08.02.2024,01,08,14,23,25,02
2834,09.02.2024,02,05,11,30,31,04
2835,10.02.2024,05,06,09,15,20,03
2836,11.02.2024,09,14,17,24,33,01
2837,12.02.2024,04,06,22,28,33,02
2838,13.02.2024,08,12,14,18,29,03
2839,14.02.2024,02,11,24,28,32,02
2840,15.02.2024,12,15,30,33,34,03
2841,16.02.2024,02,03,05,29,33,04
2842,17.02.2024,21,22,24,31,33,02
2843,18.02.2024,04,13,21,27,32,02
2844,19.02.2024,07,13,18,24,34,02
2845,20.02.2024,11,13,15,28,35,04
2846,21.02.2024,05,13,20,31,32,01
2847,22.02.2024,04,06,11,16,26,04
2848,23.02.2024,03,08,19,24,26,02
2849,24.02.2024,02,19,27,31,34,02
2850,25.02.2024,09,12,21,25,34,02
2851,26.02.2024,01,03,04,13,35,03
2852,27.02.2024,04,05,26,27,32,02
2853,28.02.2024,04,07,15,17,31,01
2854,29.02.2024,02,16,23,27,35,01
2855,01.03.2024,06,10,12,18,19,03
2856,02.03.2024,17,20,21,22,30,01
2857,03.03.2024,11,24,26,32,35,04
2858,04.03.2024,03,05,12,30,35,02
2859,05.03.2024,01,19,29,30,34,03
2860,06.03.2024,05,22,27,31,34,04
2861,07.03.2024,01,09,21,23,26,03
2862,08.03.2024,16,21,24,27,29,03
2863,09.03.2024,04,21,28,31,35,04
2864,10.03.2024,02,14,25,26,32,02
2865,11.03.2024,01,17,18,23,30,01
2866,12.03.2024,04,11,12,21,22,03
2867,13.03.2024,01,15,22,29,30,01
2868,14.03.2024,02,05,09,20,33,01
2869,15.03.2024,16,17,18,21,35,02
2870,16.03.2024,02,05,06,11,28,04
2871,17.03.2024,09,14,16,19,26,01
2872,18.03.2024,10,16,20,22,31,01
2873,19.03.2024,09,11,27,29,32,01
2874,20.03.2024,20,22,26,27,31,02
2875,21.03.2024,03,12,18,22,34,03
2876,22.03.2024,01,06,07,23,34,04
2877,23.03.2024,04,27,30,31,33,01
2878,24.03.2024,02,07,14,17,31,03
2879,25.03.2024,02,11,13,25,35,04
2880,26.03.2024,04,17,20,32,35,04
2881,27.03.2024,01,04,09,12,15,02
2882,28.03.2024,05,09,11,19,29,04
2883,29.03.2024,04,12,17,25,33,03
2884,30.03.2024,04,07,12,15,23,03
2885,31.03.2024,22,24,25,33,35,01
2886,01.04.2024,02,22,25,32,33,01
2887,02.04.2024,02,09,10,15,28,04
2888,03.04.2024,01,10,18,21,25,01
2889,04.04.2024,04,05,08,13,33,04
2890,05.04.2024,05,25,26,31,35,04
2891,06.04.2024,07,25,29,31,32,04
2892,07.04.2024,10,11,12,28,29,02
2893,08.04.2024,02,12,13,21,26,01
2894,09.04.2024,03,08,14,21,30,04
2895,10.04.2024,06,14,15,26,32,01
2896,11.04.2024,01,04,06,15,31,04
2897,12.04.2024,08,14,22,26,32,01
2898,13.04.2024,08,13,15,22,30,02
2899,14.04.2024,01,11,13,20,29,04
2900,15.04.2024,10,13,26,27,33,04
2901,16.04.2024,01,04,08,17,33,04
2902,17.04.2024,02,05,19,20,33,01
2903,18.04.2024,01,12,14,23,29,01
2904,19.04.2024,17,20,23,32,34,01
2905,20.04.2024,09,10,17,24,35,04
2906,21.04.2024,04,06,07,17,21,01
2907,22.04.2024,09,10,11,16,21,03
2908,23.04.2024,04,09,14,21,22,02
2909,24.04.2024,08,13,26,27,35,01
2910,25.04.2024,09,13,16,23,24,04
2911,26.04.2024,10,12,21,25,28,04
2912,27.04.2024,11,13,17,22,31,01
2913,28.04.2024,05,09,17,21,34,01
2914,29.04.2024,02,20,21,30,35,03
2915,30.04.2024,04,28,31,32,35,03
2916,01.05.2024,02,18,22,24,26,02
2917,02.05.2024,08,10,15,20,34,02
2918,03.05.2024,06,07,09,20,24,04
2919,04.05.2024,10,15,22,25,32,01
2920,05.05.2024,04,11,12,13,22,03
2921,06.05.2024,01,10,19,25,32,03
2922,07.05.2024,03,04,15,25,28,03
2923,08.05.2024,02,07,17,22,35,01
2924,09.05.2024,04,09,25,30,32,04
2925,10.05.2024,15,18,23,24,28,01
2926,11.05.2024,03,05,08,17,30,02
2927,12.05.2024,03,05,10,21,33,04
2928,13.05.2024,05,08,24,32,34,03
2929,14.05.2024,08,10,17,33,34,03
2930,15.05.2024,20,23,27,30,31,01
2931,16.05.2024,10,19,21,24,26,01
2932,17.05.2024,02,18,20,21,35,03
2933,18.05.2024,04,07,09,15,20,03
2934,19.05.2024,14,16,18,19,27,03
2935,20.05.2024,05,07,15,24,25,03
2936,21.05.2024,02,04,11,17,35,04
2937,22.05.2024,10,12,16,27,29,01
2938,23.05.2024,02,03,13,18,23,02
2939,24.05.2024,03,05,28,34,35,01
2940,25.05.2024,02,03,16,24,32,01
2941,26.05.2024,06,19,20,25,28,03
2942,27.05.2024,01,07,13,17,34,03
2943,28.05.2024,01,12,18,19,24,01
2944,29.05.2024,13,18,23,25,35,01
2945,30.05.2024,11,12,19,27,35,04
2946,31.05.2024,04,12,14,30,34,03
2947,01.06.2024,08,13,20,24,33,02
2948,02.06.2024,04,22,24,25,35,01
2949,03.06.2024,02,03,22,24,29,04
2950,04.06.2024,18,20,26,32,35,04
2951,05.06.2024,06,07,23,28,31,04
2952,06.06.2024,01,04,19,26,31,03
2953,07.06.2024,03,15,19,22,25,01
2954,08.06.2024,08,09,12,18,22,02
2955,09.06.2024,12,13,25,27,35,01
2956,10.06.2024,02,27,28,31,35,04
2957,11.06.2024,09,10,18,19,34,01
2958,12.06.2024,07,09,21,24,30,01
2959,13.06.2024,05,08,13,15,29,02
2960,14.06.2024,06,10,14,19,34,04
2961,15.06.2024,04,12,25,32,34,04
2962,16.06.2024,20,22,26,28,33,03
2963,17.06.2024,01,02,22,23,27,01
2964,18.06.2024,06,13,16,26,29,01
2965,19.06.2024,01,08,26,28,29,02
2966,20.06.2024,02,08,19,21,30,03
2967,21.06.2024,05,14,18,21,33,03
2968,22.06.2024,05,11,25,27,30,02
2969,23.06.2024,08,21,24,33,35,03
2970,24.06.2024,05,16,24,25,28,01
2971,25.06.2024,09,11,16,24,29,01
2972,26.06.2024,04,11,15,21,28,02
2973,27.06.2024,26,30,31,33,34,02
2974,28.06.2024,10,13,31,32,34,04
2975,29.06.2024,11,18,24,28,29,04
2976,30.06.2024,04,06,10,18,29,01
2977,01.07.2024,02,15,24,26,34,03
2978,02.07.2024,12,16,17,23,26,04
2979,03.07.2024,01,13,20,25,31,01
2980,04.07.2024,01,08,11,27,35,01
2981,05.07.2024,10,14,18,22,32,02
2982,06.07.2024,18,30,32,33,34,03
2983,07.07.2024,03,04,19,20,33,01
2984,08.07.2024,09,12,17,23,26,01
2985,09.07.2024,01,06,19,22,32,03
2986,10.07.2024,07,13,23,26,30,01
2987,11.07.2024,05,08,20,23,25,01
2988,12.07.2024,02,11,14,24,32,03
2989,13.07.2024,17,18,21,23,34,01
2990,14.07.2024,09,12,17,20,33,03
2991,15.07.2024,03,06,29,32,35,02
2992,16.07.2024,15,16,17,20,22,03
2993,17.07.2024,03,13,17,20,24,01
2994,18.07.2024,02,04,25,28,29,03
2995,19.07.2024,03,10,11,14,16,03
2996,20.07.2024,13,19,28,30,32,03
2997,21.07.2024,04,12,13,18,33,04
2998,22.07.2024,03,07,19,28,31,02
2999,23.07.2024,06,14,19,24,33,04
3000,24.07.2024,03,08,11,16,33,02
3001,25.07.2024,04,07,24,29,35,04
3002,26.07.2024,11,19,20,26,27,01
3003,27.07.2024,01,03,09,26,33,02
3004,28.07.2024,08,24,31,32,35,04
3005,29.07.2024,03,08,11,22,32,04
3006,30.07.2024,02,10,21,22,25,02
3007,31.07.2024,14,18,22,27,29,02
3008,01.08.2024,12,16,23,27,32,04
3009,02.08.2024,03,05,18,24,34,03
3010,03.08.2024,01,16,25,28,32,02
3011,04.08.2024,02,18,24,27,32,03
3012,05.08.2024,10,22,29,30,35,04
3013,06.08.2024,05,09,14,25,29,01
3014,07.08.2024,08,09,20,27,32,02
3015,08.08.2024,10,11,21,23,33,04
3016,09.08.2024,10,11,16,18,28,01
3017,10.08.2024,19,22,28,32,34,03
3018,11.08.2024,08,17,20,28,35,04
3019,12.08.2024,01,04,15,16,28,01
3020,13.08.2024,14,19,22,25,26,02
3021,14.08.2024,07,08,22,24,30,01
3022,15.08.2024,01,03,15,25,27,01
3023,16.08.2024,02,03,07,17,31,01
3024,17.08.2024,16,20,24,28,35,01
3025,18.08.2024,04,07,12,17,18,04
3026,19.08.2024,06,10,11,24,27,02
3027,20.08.2024,05,10,12,18,29,04
3028,21.08.2024,02,13,17,28,31,01
3029,22.08.2024,03,08,23,28,33,01
3030,23.08.2024,07,11,13,28,30,01
3031,24.08.2024,15,16,24,26,31,03
3032,25.08.2024,02,06,16,30,34,02
3033,26.08.2024,07,08,10,11,16,03
3034,27.08.2024,04,08,22,28,32,01
3035,28.08.2024,07,14,20,25,33,04
3036,29.08.2024,08,16,18,30,32,03
3037,30.08.2024,13,21,25,28,33,03
3038,31.08.2024,14,16,18,21,34,02
3039,01.09.2024,01,14,20,21,29,02
3040,02.09.2024,04,15,18,27,30,02
3041,03.09.2024,05,07,29,34,35,01
3042,04.09.2024,01,04,09,23,28,02
3043,05.09.2024,01,05,22,23,31,01
3044,06.09.2024,01,08,10,28,32,04
3045,07.09.2024,13,23,25,26,32,04
3046,08.09.2024,06,13,16,26,28,02
3047,09.09.2024,04,27,28,31,33,03
3048,10.09.2024,01,02,04,09,34,03
3049,11.09.2024,04,07,09,14,21,04
3050,12.09.2024,06,09,12,22,30,02
3051,13.09.2024,07,19,20,23,30,04
3052,14.09.2024,05,07,21,22,33,04
3053,15.09.2024,08,19,22,26,29,02
3054,16.09.2024,02,10,17,20,34,02
3055,17.09.2024,10,14,16,26,34,01
3056,18.09.2024,08,15,16,17,31,02
3057,19.09.2024,01,09,11,21,23,01
3058,20.09.2024,03,07,16,23,30,01
3059,21.09.2024,03,12,19,21,33,01
3060,22.09.2024,08,09,10,15,30,01
3061,23.09.2024,06,13,14,18,33,03
3062,24.09.2024,03,05,08,23,32,03
3063,25.09.2024,02,10,13,24,25,03
3064,26.09.2024,07,15,16,20,29,03
3065,27.09.2024,01,20,25,29,31,04
3066,28.09.2024,05,08,09,14,33,01
3067,29.09.2024,09,18,21,24,28,01
3068,30.09.2024,03,22,25,27,32,02
3069,01.10.2024,04,06,10,12,18,02
3070,02.10.2024,08,23,24,32,35,04
3071,03.10.2024,01,20,25,34,35,04
3072,04.10.2024,11,23,30,32,35,03
3073,05.10.2024,14,17,20,21,30,01
3074,06.10.2024,10,13,21,24,33,02
3075,07.10.2024,03,23,26,32,35,03
3076,08.10.2024,05,09,16,17,20,04
3077,09.10.2024,07,08,12,28,33,01
3078,10.10.2024,06,19,21,23,28,04
3079,11.10.2024,07,26,28,29,32,03
3080,12.10.2024,04,05,08,18,35,02
3081,13.10.2024,04,08,09,21,28,03
3082,14.10.2024,01,20,31,34,35,01
3083,15.10.2024,01,03,05,08,34,01
3084,16.10.2024,05,08,11,18,31,03
3085,17.10.2024,03,07,19,24,32,04
3086,18.10.2024,04,07,19,21,32,02
3087,19.10.2024,13,17,19,28,35,03
3088,20.10.2024,04,09,11,25,34,01
3089,21.10.2024,04,05,24,27,32,01
3090,22.10.2024,10,15,23,24,26,04
3091,23.10.2024,04,18,20,26,34,04
3092,24.10.2024,02,21,22,25,35,04
3093,25.10.2024,05,07,09,16,29,04
3094,26.10.2024,14,16,19,32,33,03
3095,27.10.2024,03,07,15,16,22,02
3096,28.10.2024,09,21,24,29,34,04
3097,29.10.2024,03,11,32,33,34,04
3098,30.10.2024,10,13,20,29,30,03
3099,31.10.2024,09,18,28,33,34,01
3100,01.11.2024,01,08,09,21,31,03
3101,02.11.2024,06,09,21,25,28,03
3102,03.11.2024,05,15,27,31,33,02
3103,04.11.2024,06,11,14,18,25,01
3104,05.11.2024,03,06,09,19,23,04
3105,06.11.2024,09,16,30,32,33,03
3106,07.11.2024,04,06,09,12,20,04
3107,08.11.2024,11,19,22,32,35,04
3108,09.11.2024,06,11,13,15,33,03
3109,10.11.2024,07,15,18,20,22,02
3110,11.11.2024,04,06,15,21,29,04
3111,12.11.2024,05,14,19,23,31,03
3112,13.11.2024,01,02,05,10,28,02
3113,14.11.2024,02,03,15,25,30,04
3114,15.11.2024,03,06,11,22,25,01
3115,16.11.2024,14,20,23,29,31,01
3116,17.11.2024,09,21,24,26,34,02
3117,18.11.2024,03,10,28,31,33,04
3118,19.11.2024,05,10,12,26,29,01
3119,20.11.2024,01,09,17,24,32,04
3120,21.11.2024,03,11,14,23,35,01
3121,22.11.2024,05,12,14,20,33,03
3122,23.11.2024,04,11,18,20,26,03
3123,24.11.2024,05,07,10,11,33,02
3124,25.11.2024,07,15,17,24,25,01
3125,26.11.2024,03,20,26,31,33,03
3126,27.11.2024,06,10,11,21,35,04
3127,28.11.2024,06,07,11,30,32,01
3128,29.11.2024,03,10,13,22,32,03
3129,30.11.2024,01,20,26,29,31,02
3130,01.12.2024,13,16,26,28,35,02
3131,02.12.2024,09,15,23,32,34,03
3132,03.12.2024,05,09,12,15,28,03
3133,04.12.2024,08,23,26,28,31,02
3134,05.12.2024,01,04,09,11,22,04
3135,06.12.2024,01,15,16,24,32,02
3136,07.12.2024,08,09,10,13,32,04
3137,08.12.2024,02,17,26,31,32,01
3138,09.12.2024,02,10,14,22,23,03
3139,10.12.2024,02,14,24,27,29,01
3140,11.12.2024,02,18,28,29,31,01
3141,12.12.2024,03,04,09,21,32,01
3142,13.12.2024,03,05,17,25,26,01
3143,14.12.2024,11,14,15,20,22,04
3144,15.12.2024,01,09,11,19,34,01
3145,16.12.2024,08,10,21,28,33,04
3146,17.12.2024,04,12,13,18,32,03
3147,18.12.2024,04,07,12,18,34,03
3148,19.12.2024,03,04,08,15,26,01
3149,20.12.2024,04,09,11,24,33,03
3150,21.12.2024,02,06,07,11,17,02
3151,22.12.2024,03,04,18,27,29,03
3152,23.12.2024,01,15,26,27,29,03
3153,24.12.2024,04,10,14,17,29,03
3154,25.12.2024,01,02,07,15,24,04
3155,26.12.2024,17,19,20,25,32,03
3156,27.12.2024,02,07,08,20,30,02
3157,28.12.2024,11,18,19,34,35,03
3158,29.12.2024,16,19,20,28,34,04
3159,30.12.2024,04,09,12,19,34,03
3160,31.12.2024,21,25,27,28,32,04
3161,01.01.2025,01,08,09,12,17,04
3162,02.01.2025,01,02,12,13,29,03
3163,03.01.2025,03,07,11,32,34,04
3164,04.01.2025,11,18,20,32,34,01
3165,05.01.2025,11,16,21,30,31,04
3166,06.01.2025,03,04,16,19,30,03
3167,07.01.2025,01,02,16,20,29,02
3168,08.01.2025,11,17,18,22,26,04
3169,09.01.2025,06,10,25,26,34,04
3170,10.01.2025,06,11,12,21,24,01
3171,11.01.2025,06,08,09,13,30,01
3172,12.01.2025,03,10,13,19,34,03
3173,13.01.2025,04,07,10,17,34,03
3174,14.01.2025,13,14,18,32,34,01
3175,15.01.2025,01,03,08,14,15,02
3176,16.01.2025,02,12,30,31,32,01
3177,17.01.2025,01,05,16,23,35,03
3178,18.01.2025,01,05,06,19,26,03
3179,19.01.2025,14,21,24,25,29,01
3180,20.01.2025,01,02,17,19,27,04
3181,21.01.2025,02,06,15,26,32,04
3182,22.01.2025,02,16,24,27,31,01
3183,23.01.2025,05,09,17,22,33,01
3184,24.01.2025,02,04,21,32,33,04
3185,25.01.2025,01,04,12,18,22,03
3186,26.01.2025,01,04,05,28,34,03
3187,27.01.2025,05,16,21,22,33,02
3188,28.01.2025,07,09,25,29,30,02
3189,29.01.2025,02,17,21,30,34,01
3190,30.01.2025,17,18,20,21,30,01
3191,31.01.2025,21,22,28,30,33,04
3192,01.02.2025,08,11,18,21,33,01
3193,02.02.2025,06,10,18,20,26,03
3194,03.02.2025,10,12,13,19,34,01
3195,04.02.2025,04,05,07,18,31,03
3196,05.02.2025,08,09,11,27,28,01
3197,06.02.2025,02,14,16,18,28,03
3198,07.02.2025,04,08,18,19,35,02
3199,08.02.2025,05,13,14,27,28,04
3200,09.02.2025,10,23,27,29,33,04
3201,10.02.2025,09,12,16,21,31,03
3202,11.02.2025,01,13,22,27,34,03
3203,12.02.2025,03,14,15,28,33,03
3204,13.02.2025,01,02,14,16,21,03
3205,14.02.2025,01,08,10,13,17,04
3206,15.02.2025,04,06,10,14,21,03
3207,16.02.2025,13,22,23,30,34,03
3208,17.02.2025,02,03,08,18,34,03
3209,18.02.2025,08,11,13,16,25,02
3210,19.02.2025,05,09,15,33,35,04
3211,20.02.2025,07,15,19,30,31,01
3212,21.02.2025,01,03,04,26,27,03
3213,22.02.2025,06,10,11,26,33,02
3214,23.02.2025,18,20,22,23,26,04
3215,24.02.2025,01,04,09,19,20,04
3216,25.02.2025,03,22,30,33,35,04
3217,26.02.2025,12,14,27,31,33,01
3218,27.02.2025,09,16,28,31,34,04
3219,28.02.2025,02,08,22,24,28,02
3220,01.03.2025,05,10,11,33,35,03
3221,02.03.2025,09,19,23,25,34,02
3222,03.03.2025,01,21,23,25,33,01
3223,04.03.2025,08,22,24,27,28,03
3224,05.03.2025,04,15,16,19,23,02
3225,06.03.2025,07,11,13,24,29,02
3226,07.03.2025,04,07,16,22,26,04
3227,08.03.2025,07,10,16,25,31,02
3228,09.03.2025,02,03,17,27,31,01
3229,10.03.2025,01,10,22,30,35,02
3230,11.03.2025,13,16,26,28,29,01
3231,12.03.2025,05,18,23,29,33,04
3232,13.03.2025,17,20,23,33,35,01
3233,14.03.2025,05,07,20,22,28,03
3234,15.03.2025,05,09,24,28,32,01
3235,16.03.2025,03,08,16,27,32,02
3236,17.03.2025,05,14,17,20,26,03
3237,18.03.2025,01,07,21,27,29,03
3238,19.03.2025,03,11,13,23,28,02
3239,20.03.2025,09,13,22,24,33,02
3240,21.03.2025,01,04,05,24,29,04
3241,22.03.2025,07,08,11,22,25,01
3242,23.03.2025,01,15,20,23,32,03
3243,24.03.2025,01,06,15,20,35,03
3244,25.03.2025,03,08,20,22,33,01
3245,26.03.2025,11,14,17,18,25,03
3246,27.03.2025,04,08,11,21,30,01
3247,28.03.2025,01,03,09,22,29,01
3248,29.03.2025,11,16,24,31,33,03
3249,30.03.2025,11,14,23,28,31,01
3250,31.03.2025,14,18,27,30,32,04
3251,01.04.2025,15,18,28,30,31,04
3252,02.04.2025,04,07,10,14,29,02
3253,03.04.2025,06,12,16,21,34,03
3254,04.04.2025,10,20,21,25,26,04
3255,05.04.2025,04,05,16,31,34,02
3256,06.04.2025,04,12,22,25,28,03
3257,07.04.2025,01,10,22,27,32,01
3258,08.04.2025,01,12,14,23,28,02
3259,09.04.2025,01,12,20,32,35,04
3260,10.04.2025,02,04,06,08,32,01
3261,11.04.2025,03,08,21,22,31,01
3262,12.04.2025,08,11,13,23,28,01
3263,13.04.2025,01,17,20,21,27,02
3264,14.04.2025,06,21,25,34,35,02
3265,15.04.2025,04,07,16,19,20,02
3266,16.04.2025,07,13,16,19,25,01
3267,17.04.2025,08,11,13,30,33,04
3268,18.04.2025,01,09,18,27,28,03
3269,19.04.2025,06,12,23,24,25,02
3270,20.04.2025,11,15,20,28,30,01
3271,21.04.2025,01,03,04,15,30,02
3272,22.04.2025,10,18,28,29,33,01
3273,23.04.2025,04,07,09,17,24,04
3274,24.04.2025,20,21,30,31,33,04
3275,25.04.2025,04,09,21,22,25,03
3276,26.04.2025,04,11,15,23,29,03
3277,27.04.2025,03,11,17,19,20,01
3278,28.04.2025,04,05,14,28,33,02
3279,29.04.2025,02,09,15,21,29,01
3280,30.04.2025,03,09,18,21,32,01
3281,01.05.2025,03,12,16,20,35,04
3282,02.05.2025,10,11,18,24,31,03
3283,03.05.2025,03,06,07,18,31,03
3284,04.05.2025,10,15,22,25,35,04
3285,05.05.2025,03,08,16,22,29,02
3286,06.05.2025,14,16,18,22,27,01
3287,07.05.2025,09,13,24,26,33,01
3288,08.05.2025,01,04,23,25,34,03
3289,09.05.2025,13,18,24,29,32,02
3290,10.05.2025,14,16,20,27,30,03
3291,11.05.2025,11,12,14,22,24,03
3292,12.05.2025,03,04,05,11,22,03
3293,13.05.2025,01,02,24,30,35,04
3294,14.05.2025,02,07,12,19,34,03
3295,15.05.2025,04,14,16,19,28,04
3296,16.05.2025,02,03,09,27,33,04
3297,17.05.2025,01,06,09,19,23,04
3298,18.05.2025,02,03,24,31,33,01
3299,19.05.2025,01,05,06,14,26,03
3300,20.05.2025,03,05,28,31,34,03
3301,21.05.2025,04,09,13,16,19,02
3302,22.05.2025,06,10,15,18,29,04
3303,23.05.2025,07,10,12,31,33,01
3304,24.05.2025,16,17,25,26,28,02
3305,25.05.2025,06,07,15,27,29,01
3306,26.05.2025,08,10,11,14,16,02
3307,27.05.2025,13,24,25,28,34,02
3308,28.05.2025,04,14,29,30,35,02
3309,29.05.2025,02,07,20,24,30,02
3310,30.05.2025,06,11,22,25,28,01
3311,31.05.2025,03,07,22,24,33,01
3312,01.06.2025,08,15,16,22,32,04
3313,02.06.2025,05,09,17,20,21,02
3314,03.06.2025,02,08,13,20,33,02
3315,04.06.2025,06,17,22,28,29,03
3316,05.06.2025,03,04,08,11,35,04
3317,06.06.2025,02,11,17,19,26,03
3318,07.06.2025,07,09,13,22,34,02
3319,08.06.2025,01,03,14,23,30,02
3320,09.06.2025,02,10,19,26,33,01
3321,10.06.2025,01,03,10,24,31,03
3322,11.06.2025,11,15,22,29,30,03
3323,12.06.2025,06,11,17,18,27,01
3324,13.06.2025,02,04,17,28,31,04
3325,14.06.2025,12,15,19,34,35,01
3326,15.06.2025,08,20,22,25,35,02
3327,16.06.2025,03,04,18,24,30,04
3328,17.06.2025,04,05,14,23,28,02
3329,18.06.2025,16,22,23,32,34,03
3330,19.06.2025,08,12,14,15,33,02
3331,20.06.2025,05,09,10,23,24,01
3332,21.06.2025,04,11,20,23,32,01
3333,22.06.2025,04,08,24,25,29,03
3334,23.06.2025,10,12,17,18,27,04
3335,24.06.2025,14,17,20,25,28,04
3336,25.06.2025,03,08,14,22,30,03
3337,26.06.2025,05,08,19,28,32,03
3338,27.06.2025,03,06,28,30,32,02
3339,28.06.2025,02,06,22,25,28,03
3340,29.06.2025,02,11,12,15,33,03
3341,30.06.2025,07,10,15,16,21,02
3342,01.07.2025,03,11,12,13,17,01
3343,02.07.2025,07,13,19,31,35,01
3344,03.07.2025,08,21,22,32,33,04
3345,04.07.2025,01,02,05,06,32,03
3346,05.07.2025,02,08,18,23,32,04
3347,06.07.2025,01,11,16,24,28,03
3348,07.07.2025,13,20,26,28,31,03
3349,08.07.2025,06,18,19,24,28,02
3350,09.07.2025,06,15,20,23,26,01
3351,10.07.2025,04,08,14,26,34,01
3352,11.07.2025,02,03,23,29,35,01
3353,12.07.2025,12,17,26,29,31,04
3354,13.07.2025,04,08,19,26,34,02
3355,14.07.2025,06,10,19,24,28,03
3356,15.07.2025,04,15,25,26,35,02
3357,16.07.2025,06,09,20,31,33,01
3358,17.07.2025,03,04,06,11,34,04
3359,18.07.2025,07,11,14,20,27,03
3360,19.07.2025,02,08,20,24,29,02
3361,20.07.2025,06,14,15,17,25,01
3362,21.07.2025,05,24,25,27,30,01
3363,22.07.2025,01,03,07,12,35,02
3364,23.07.2025,01,08,13,14,26,02
3365,24.07.2025,01,12,16,20,21,01
3366,25.07.2025,16,18,21,32,34,01
3367,26.07.2025,03,15,16,32,35,01
3368,27.07.2025,02,07,26,30,35,03
3369,28.07.2025,11,13,14,25,33,02
3370,29.07.2025,04,05,06,17,20,01
3371,30.07.2025,03,07,15,21,24,04
3372,31.07.2025,06,08,15,31,32,04
3373,01.08.2025,07,25,32,34,35,04
3374,02.08.2025,08,17,20,31,32,03
3375,03.08.2025,01,20,24,27,31,02
3376,04.08.2025,14,17,18,27,30,01
3377,05.08.2025,05,07,19,20,31,01
3378,06.08.2025,07,16,26,32,33,01
3379,07.08.2025,02,10,15,31,32,02
3380,08.08.2025,06,16,25,27,32,04
3381,09.08.2025,14,18,22,32,34,01
3382,10.08.2025,06,09,12,20,25,01
3383,11.08.2025,01,18,25,26,34,04
3384,12.08.2025,01,18,19,20,29,01
3385,13.08.2025,04,08,11,18,32,02
3386,14.08.2025,07,13,30,31,35,04
3387,15.08.2025,04,05,08,10,35,04
3388,16.08.2025,02,06,07,11,26,01
3389,17.08.2025,09,10,13,15,29,04
3390,18.08.2025,02,07,22,25,35,03
3391,19.08.2025,02,13,17,25,35,04
3392,20.08.2025,01,08,09,11,27,04
3393,21.08.2025,01,04,09,26,35,03
3394,22.08.2025,04,15,19,28,35,01
3395,23.08.2025,08,14,22,25,32,01
3396,24.08.2025,08,13,19,21,35,03
3397,25.08.2025,14,16,24,29,30,03
3398,26.08.2025,05,15,23,26,33,03
3399,27.08.2025,12,26,28,31,35,03
3400,28.08.2025,03,04,26,29,33,02
3401,29.08.2025,03,06,29,30,33,03
3402,30.08.2025,12,20,22,30,31,03
3403,31.08.2025,08,14,17,24,34,02
3404,01.09.2025,02,04,11,18,32,02
3405,02.09.2025,04,06,12,20,27,01
3406,03.09.2025,08,11,19,27,33,01
3407,04.09.2025,15,19,26,27,31,03
3408,05.09.2025,04,17,23,27,29,03
3409,06.09.2025,04,13,19,22,29,04
3410,07.09.2025,09,18,21,25,29,04
3411,08.09.2025,19,22,29,33,34,04
3412,09.09.2025,15,17,21,32,34,04
3413,10.09.2025,04,11,12,31,34,03
3414,11.09.2025,03,04,23,27,31,01
3415,12.09.2025,15,16,17,31,33,01
3416,13.09.2025,03,19,20,22,35,04
3417,14.09.2025,08,16,18,23,25,03
3418,15.09.2025,04,16,21,30,34,02
3419,16.09.2025,03,12,24,25,35,02
3420,17.09.2025,13,18,19,20,21,01
3421,18.09.2025,03,04,24,26,35,02
3422,19.09.2025,04,10,23,26,28,04
3423,20.09.2025,03,08,13,17,25,01
3424,21.09.2025,05,17,19,20,25,03
3425,22.09.2025,03,06,10,16,17,03
3426,23.09.2025,08,16,27,29,34,03
3427,24.09.2025,01,15,31,33,35,04
3428,25.09.2025,05,06,22,27,28,01
3429,26.09.2025,03,04,07,22,33,03
3430,27.09.2025,03,07,10,17,24,04
3431,28.09.2025,01,19,26,29,34,04
3432,29.09.2025,16,21,24,34,35,02
3433,30.09.2025,02,11,22,23,34,01
3434,01.10.2025,19,22,29,31,34,02
3435,02.10.2025,04,07,12,23,35,02
3436,03.10.2025,07,15,18,28,33,03
3437,04.10.2025,11,16,20,28,32,04
3438,05.10.2025,10,17,20,21,35,04
3439,06.10.2025,07,08,09,13,18,03
3440,07.10.2025,05,15,21,22,32,01
3441,08.10.2025,04,20,23,30,31,04
3442,09.10.2025,08,14,16,17,21,03
3443,10.10.2025,13,14,21,22,30,03
3444,11.10.2025,02,18,19,22,33,01
3445,12.10.2025,01,07,09,27,29,03
3446,13.10.2025,03,09,11,29,33,03
3447,14.10.2025,12,13,21,28,33,03
3448,15.10.2025,01,05,25,28,29,03
3449,16.10.2025,01,16,28,29,35,01
3450,17.10.2025,04,16,19,33,34,04
3451,18.10.2025,03,04,19,29,32,03
3452,19.10.2025,22,23,24,31,33,01
3453,20.10.2025,05,07,09,25,35,03
3454,21.10.2025,02,08,15,16,29,02
3455,22.10.2025,01,08,10,11,18,02
3456,23.10.2025,21,24,31,33,34,01
3457,24.10.2025,01,02,07,14,35,02
3458,25.10.2025,02,07,22,26,34,02
3459,26.10.2025,02,03,04,10,20,04
3460,27.10.2025,01,04,08,11,32,01
3461,28.10.2025,10,11,12,22,26,03
3462,29.10.2025,06,16,23,29,33,02
3463,30.10.2025,01,09,13,29,32,02
3464,31.10.2025,03,04,20,23,34,01
3465,01.11.2025,01,03,08,15,30,01
3466,02.11.2025,15,17,21,26,33,04
3467,03.11.2025,01,10,18,30,35,02
3468,04.11.2025,05,11,13,31,34,04
3469,05.11.2025,04,06,16,23,30,03
3470,06.11.2025,09,15,21,29,35,01
3471,07.11.2025,03,12,16,29,32,02
3472,08.11.2025,08,24,25,30,33,04
3473,09.11.2025,09,25,26,29,35,02
3474,10.11.2025,05,16,19,23,31,02
3475,11.11.2025,17,18,23,24,26,02
3476,12.11.2025,01,12,17,22,33,03
3477,13.11.2025,03,14,18,26,27,04
3478,14.11.2025,03,13,15,18,25,04
3479,15.11.2025,03,11,21,28,32,01
3480,16.11.2025,05,24,32,34,35,02
3481,17.11.2025,11,20,26,32,35,04
3482,18.11.2025,03,07,16,21,34,04
3483,19.11.2025,13,19,31,32,35,03
3484,20.11.2025,05,07,25,32,34,02
3485,21.11.2025,09,11,18,34,35,03
3486,22.11.2025,11,23,25,26,33,02
3487,23.11.2025,02,08,09,21,26,02
3488,24.11.2025,07,15,24,32,34,01
3489,25.11.2025,02,05,07,24,27,03
3490,26.11.2025,01,07,09,30,31,04
3491,27.11.2025,06,18,27,28,31,03
3492,28.11.2025,10,22,28,29,34,04
3493,29.11.2025,14,17,20,21,33,04
3494,30.11.2025,12,13,17,22,28,04
3495,01.12.2025,03,22,25,27,29,04
3496,02.12.2025,09,16,23,30,33,04
3497,03.12.2025,03,04,06,12,34,02
3498,04.12.2025,01,10,19,20,35,03
3499,05.12.2025,08,13,19,30,32,04
3500,06.12.2025,11,12,14,26,27,01
3501,07.12.2025,04,08,14,15,16,02
3502,08.12.2025,02,12,20,22,35,01
3503,09.12.2025,02,12,17,24,34,02
3504,10.12.2025,10,20,25,32,35,04
3505,11.12.2025,04,06,07,21,22,02
3506,12.12.2025,04,14,16,19,22,01
3507,13.12.2025,17,22,24,25,27,03
3508,14.12.2025,01,03,05,08,31,01
3509,15.12.2025,01,07,09,10,35,02
3510,16.12.2025,03,07,14,18,25,02
3511,17.12.2025,10,16,23,29,34,01
3512,18.12.2025,09,10,19,22,27,03
3513,19.12.2025,07,11,24,25,31,01
3514,20.12.2025,19,21,23,27,30,04
3515,21.12.2025,09,17,24,25,29,01
3516,22.12.2025,01,03,06,09,32,02
3517,23.12.2025,02,12,15,22,30,02
3518,24.12.2025,06,08,18,22,33,04
3519,25.12.2025,11,12,24,31,32,02
3520,26.12.2025,06,09,15,18,21,01
3521,27.12.2025,01,04,05,15,19,03
3522,28.12.2025,03,04,17,24,29,04
3523,29.12.2025,01,19,23,28,32,04
3524,30.12.2025,06,08,14,18,26,01
3525,31.12.2025,07,21,26,27,33,04
3526,01.01.2026,07,10,16,29,33,03
3527,02.01.2026,03,08,21,22,31,04
3528,03.01.2026,06,09,10,15,34,03
3529,04.01.2026,21,26,29,31,34,04
3530,05.01.2026,02,03,11,12,27,02
3531,06.01.2026,04,09,19,21,25,04
3532,07.01.2026,06,12,16,23,26,04
3533,08.01.2026,17,18,29,30,33,04
3534,09.01.2026,02,06,09,31,33,03
3535,10.01.2026,02,05,11,30,33,03
3536,11.01.2026,16,17,19,30,35,01
3537,12.01.2026,01,07,28,32,33,01
3538,13.01.2026,08,10,13,17,26,03
3539,14.01.2026,10,14,21,24,31,03
3540,15.01.2026,06,07,24,28,30,02
3541,16.01.2026,08,13,14,23,34,03
3542,17.01.2026,25,26,30,32,34,03
3543,18.01.2026,07,10,14,15,28,02
3544,19.01.2026,04,14,19,30,31,01
3545,20.01.2026,05,12,21,30,34,04
3546,21.01.2026,15,22,25,30,32,03
3547,22.01.2026,02,18,24,29,35,01
3548,23.01.2026,15,18,26,28,33,01
3549,24.01.2026,14,16,25,33,35,03
3550,25.01.2026,01,09,13,23,24,04
3551,26.01.2026,03,08,11,14,34,03
3552,27.01.2026,21,25,28,32,34,02
3553,28.01.2026,06,15,16,21,30,02
3554,29.01.2026,04,12,16,17,26,03
3555,30.01.2026,17,24,28,31,33,03
3556,31.01.2026,05,06,25,30,35,02
3557,01.02.2026,02,07,12,22,32,01
3558,02.02.2026,15,17,21,28,35,04
3559,03.02.2026,03,05,25,34,35,01
3560,04.02.2026,07,08,17,21,33,02
3561,05.02.2026,07,08,10,12,18,04
3562,06.02.2026,03,14,15,26,33,04
3563,07.02.2026,14,17,21,25,28,02
3564,08.02.2026,08,09,18,23,30,02
3565,09.02.2026,12,17,31,32,34,01
3566,10.02.2026,10,12,14,20,23,01
3567,11.02.2026,07,16,21,27,29,03
3568,12.02.2026,01,03,13,22,25,02
3569,13.02.2026,04,13,18,22,32,01
3570,14.02.2026,06,17,18,28,30,03
3571,15.02.2026,03,09,14,21,35,03
3572,16.02.2026,13,23,27,31,33,03
3573,17.02.2026,12,14,15,26,34,03
3574,18.02.2026,20,21,28,29,32,04
3575,19.02.2026,16,17,28,30,35,03
3576,20.02.2026,01,15,23,25,27,04
3577,21.02.2026,02,04,06,12,32,03
3578,22.02.2026,09,16,17,22,26,03
3579,23.02.2026,10,14,19,20,21,04
3580,24.02.2026,10,11,15,23,31,04
3581,25.02.2026,07,13,20,25,26,01
3582,26.02.2026,02,03,17,19,25,02
3583,27.02.2026,02,19,25,28,35,01
3584,28.02.2026,03,20,31,33,34,02
3585,01.03.2026,02,09,18,23,25,02
3586,02.03.2026,01,07,12,15,21,04
3587,03.03.2026,01,22,26,27,35,03
3588,04.03.2026,08,11,14,15,17,02
3589,05.03.2026,03,08,09,23,25,03
3590,06.03.2026,01,14,20,25,26,04
3591,07.03.2026,05,18,19,22,32,01
3592,08.03.2026,01,05,12,14,25,03
3593,09.03.2026,04,14,15,30,34,01
3594,10.03.2026,03,07,10,19,26,01
3595,11.03.2026,01,12,14,16,22,02
3596,12.03.2026,04,09,19,28,29,04
3597,13.03.2026,09,13,18,21,23,03
3598,14.03.2026,17,22,28,30,34,02
3599,15.03.2026,02,10,12,18,21,02
3600,16.03.2026,11,14,17,21,22,04
3601,17.03.2026,04,09,10,16,23,03
3602,18.03.2026,02,11,18,20,27,02
3603,19.03.2026,08,11,18,22,35,01
3604,20.03.2026,12,16,21,24,34,01
3605,21.03.2026,09,14,16,21,25,04
3606,22.03.2026,07,16,21,22,26,04
3607,23.03.2026,07,11,14,21,26,02
3608,24.03.2026,11,13,16,22,35,02
3609,25.03.2026,08,17,18,19,33,04
3610,26.03.2026,01,02,05,13,30,02
3611,27.03.2026,17,25,26,28,33,01
3612,28.03.2026,03,11,12,26,30,01
3613,29.03.2026,01,06,10,14,34,01
3614,30.03.2026,04,06,23,29,31,03
3615,31.03.2026,07,08,12,29,33,02
3616,01.04.2026,01,06,17,22,30,03
3617,02.04.2026,05,12,16,21,22,02
3618,03.04.2026,04,06,08,10,23,03
3619,04.04.2026,08,11,18,24,27,02
3620,05.04.2026,01,16,18,24,34,04
3621,06.04.2026,02,08,27,30,31,04
3622,07.04.2026,03,09,13,22,28,04
3623,08.04.2026,05,10,15,18,33,02
3624,09.04.2026,03,15,28,30,31,01
3625,10.04.2026,05,22,23,28,33,02
3626,11.04.2026,03,05,14,20,23,04
3627,12.04.2026,01,14,15,17,21,04
3628,13.04.2026,18,19,20,26,27,03
3629,14.04.2026,04,17,22,23,26,03
3630,15.04.2026,07,15,24,26,35,03
3631,16.04.2026,03,08,20,26,32,04
3632,17.04.2026,03,08,19,23,25,02
3633,18.04.2026,02,07,11,21,35,04
3634,19.04.2026,08,15,17,18,29,01
3635,20.04.2026,01,09,24,26,32,02
3636,21.04.2026,09,19,20,22,32,02
3637,22.04.2026,03,05,25,28,30,02
3638,23.04.2026,04,10,15,17,23,01
3639,24.04.2026,06,22,29,32,35,04
3640,25.04.2026,03,12,15,20,27,01
3641,26.04.2026,01,03,24,33,34,03
3642,27.04.2026,01,10,14,25,33,01
3643,28.04.2026,09,11,19,23,24,03
3644,29.04.2026,08,13,14,22,28,03
3645,30.04.2026,02,20,24,29,32,03
3646,01.05.2026,01,11,27,32,35,03
3647,02.05.2026,03,16,20,24,34,01
3648,03.05.2026,02,08,11,14,22,04
3649,04.05.2026,01,02,13,23,24,04
3650,05.05.2026,13,21,25,29,32,01
3651,06.05.2026,01,05,07,18,29,01
3652,07.05.2026,05,16,18,23,32,04
3653,08.05.2026,12,25,27,31,33,01
3654,09.05.2026,05,19,23,27,32,01
3655,10.05.2026,07,17,20,29,32,03
3656,11.05.2026,03,18,19,27,35,02
3657,12.05.2026,18,19,24,25,35,03
3658,13.05.2026,11,23,24,25,30,02
3659,14.05.2026,05,08,09,14,34,04
3660,15.05.2026,04,17,23,30,35,02
3661,16.05.2026,02,04,09,25,34,02
3662,17.05.2026,05,28,29,33,34,04
3663,18.05.2026,03,07,27,31,34,03
3664,19.05.2026,01,08,14,25,34,01
3665,20.05.2026,07,09,16,29,30,03
3666,21.05.2026,01,02,08,27,28,02
3667,22.05.2026,10,17,21,25,33,03
3668,23.05.2026,05,08,12,19,30,04
3669,24.05.2026,02,07,18,24,32,04
3670,25.05.2026,07,09,19,21,27,04
3671,26.05.2026,01,09,10,19,35,03
3672,27.05.2026,14,21,22,25,28,03
3673,28.05.2026,08,10,18,31,33,03
3674,29.05.2026,09,10,11,16,21,04
3675,30.05.2026,05,06,08,17,29,03
3676,31.05.2026,06,16,20,32,35,04
3677,01.06.2026,05,10,19,23,35,01
3678,02.06.2026,19,22,26,27,30,01
3679,03.06.2026,07,11,16,19,35,03
3680,04.06.2026,09,15,26,33,35,02
3681,05.06.2026,04,10,15,19,22,04
3682,06.06.2026,10,11,29,30,31,01
3683,07.06.2026,13,15,18,33,34,02
3684,08.06.2026,10,15,19,21,26,04
3685,09.06.2026,06,14,23,24,26,01
3686,10.06.2026,06,13,14,16,23,03
3687,11.06.2026,08,16,30,33,34,03
3688,12.06.2026,07,25,29,32,35,01
3689,13.06.2026,06,11,26,30,33,04
3690,14.06.2026,04,10,11,20,34,03
3691,15.06.2026,06,17,24,26,33,01
3692,16.06.2026,06,09,12,23,26,04
3693,17.06.2026,04,11,12,16,28,01
3694,18.06.2026,14,17,25,27,28,03
3695,19.06.2026,13,17,18,23,24,04
3696,20.06.2026,06,11,14,18,24,03
3697,21.06.2026,05,25,26,32,33,01
3698,22.06.2026,08,09,13,14,15,03
3699,23.06.2026,01,09,11,21,30,01
3700,24.06.2026,04,10,15,33,34,01
3701,25.06.2026,03,11,20,22,33,04
3702,26.06.2026,02,09,18,20,31,03
3703,27.06.2026,01,11,19,21,28,02
3704,28.06.2026,06,09,16,23,33,02
3705,29.06.2026,02,11,25,32,33,04
3706,30.06.2026,08,12,22,26,29,02
3707,01.07.2026,15,17,22,23,34,02
3708,02.07.2026,04,12,18,31,35,01
3709,03.07.2026,09,16,17,25,26,01
3710,04.07.2026,06,08,10,18,23,04
3711,05.07.2026,02,12,18,31,32,01
3712,06.07.2026,07,18,19,27,31,04
3713,07.07.2026,07,08,11,12,21,01
3714,08.07.2026,06,11,23,24,35,03
3715,09.07.2026,02,09,16,23,32,03
3716,10.07.2026,03,19,21,33,35,03
3717,11.07.2026,06,15,17,28,32,02
3718,12.07.2026,01,06,12,23,32,01
3719,13.07.2026,16,17,25,27,31,02
3720,14.07.2026,04,18,19,20,27,01
3721,15.07.2026,05,13,25,27,35,04
3722,16.07.2026,02,11,18,23,34,02
3723,17.07.2026,08,10,12,19,28,03
3724,18.07.2026,06,08,09,13,33,04
3725,19.07.2026,18,25,26,32,34,04
3726,20.07.2026,11,20,31,33,34,03
3727,21.07.2026,01,10,17,23,32,01
3728,22.07.2026,14,18,19,22,32,04
3729,23.07.2026,02,13,15,32,33,04
3730,24.07.2026,01,05,13,16,34,03
3731,25.07.2026,02,09,11,12,21,02
3732,26.07.2026,02,03,13,20,21,02
3733,27.07.2026,04,08,23,31,35,04
3734,28.07.2026,05,07,21,24,31,03
3735,29.07.2026,02,10,17,23,34,01
3736,30.07.2026,04,05,14,15,35,01
3737,31.07.2026,11,17,20,22,30,04
3738,01.08.2026,01,13,24,29,33,03
3739,02.08.2026,06,09,10,22,30,01
3740,03.08.2026,05,22,27,30,34,02
3741,04.08.2026,01,09,26,32,34,04
3742,05.08.2026,03,05,14,26,32,03
3743,06.08.2026,09,15,23,32,35,01
3744,07.08.2026,02,06,17,20,26,01
