7342,06.06.2026,1,2,235166.20
7342,06.06.2026,2,244,771.10
7342,06.06.2026,3,8743,32.30
7343,07.06.2026,1,1,313157.60
7343,07.06.2026,2,141,888.40
7343,07.06.2026,3,5755,32.70
7344,08.06.2026,1,2,195533.00
7344,08.06.2026,2,158,990.10
7344,08.06.2026,3,6729,34.90
7345,09.06.2026,1,1,430350.00
7345,09.06.2026,2,256,672.50
7345,09.06.2026,3,8797,29.40
7346,10.06.2026,1,2,215687.20
7346,10.06.2026,2,213,810.10
7346,10.06.2026,3,8600,30.10
7347,11.06.2026,1,0,0.00
7347,11.06.2026,2,233,1533.90
7347,11.06.2026,3,7982,67.20
7348,12.06.2026,1,2,234732.80
7348,12.06.2026,2,206,911.60
7348,12.06.2026,3,8337,33.80
7349,13.06.2026,1,3,169345.80
7349,13.06.2026,2,261,778.70
7349,13.06.2026,3,8515,35.80
7350,14.06.2026,1,0,0.00
7350,14.06.2026,2,203,1310.20
7350,14.06.2026,3,6214,64.20
7351,15.06.2026,1,1,415706.40
7351,15.06.2026,2,200,831.50
7351,15.06.2026,3,8612,29.00
7352,16.06.2026,1,0,0.00
7352,16.06.2026,2,244,1382.50
7352,16.06.2026,3,8807,57.50
7353,17.06.2026,1,0,0.00
7353,17.06.2026,2,180,1892.70
7353,17.06.2026,3,7199,71.00
7354,18.06.2026,1,1,442076.40
7354,18.06.2026,2,189,935.70
7354,18.06.2026,3,7622,34.90
7355,19.06.2026,1,0,0.00
7355,19.06.2026,2,235,1497.00
7355,19.06.2026,3,9295,56.80
7356,20.06.2026,1,0,0.00
7356,20.06.2026,2,232,1671.10
7356,20.06.2026,3,8661,67.20
7357,21.06.2026,1,1,319954.80
7357,21.06.2026,2,119,1075.50
7357,21.06.2026,3,5495,35.00
7358,22.06.2026,1,1,391521.20
7358,22.06.2026,2,216,725.10
7358,22.06.2026,3,7556,31.10
7359,23.06.2026,1,3,138944.20
7359,23.06.2026,2,333,500.70
7359,23.06.2026,3,9948,25.20
7360,24.06.2026,1,1,407354.00
7360,24.06.2026,2,178,915.50
7360,24.06.2026,3,7818,31.30
7361,25.06.2026,1,1,404209.60
7361,25.06.2026,2,266,607.90
7361,25.06.2026,3,9248,26.30
7362,26.06.2026,1,2,208485.00
7362,26.06.2026,2,204,817.60
7362,26.06.2026,3,8151,30.70
7363,27.06.2026,1,2,221737.60
7363,27.06.2026,2,241,736.10
7363,27.06.2026,3,8837,30.20
7364,28.06.2026,1,2,153056.80
7364,28.06.2026,2,154,795.20
7364,28.06.2026,3,5362,34.30
7365,29.06.2026,1,1,364803.20
7365,29.06.2026,2,163,895.30
7365,29.06.2026,3,6474,33.90
7366,30.06.2026,1,0,0.00
7366,30.06.2026,2,189,1666.80
7366,30.06.2026,3,8016,59.00
7367,01.07.2026,1,1,400733.60
7367,01.07.2026,2,157,1021.00
7367,01.07.2026,3,7261,33.20
7368,02.07.2026,1,2,204175.80
7368,02.07.2026,2,199,820.90
7368,02.07.2026,3,7962,30.80
7369,03.07.2026,1,2,214633.80
7369,03.07.2026,2,186,923.20
7369,03.07.2026,3,7490,34.40
7370,04.07.2026,1,2,234181.20
7370,04.07.2026,2,294,637.30
7370,04.07.2026,3,9565,29.40
7371,05.07.2026,1,0,0.00
7371,05.07.2026,2,145,1720.10
7371,05.07.2026,3,6027,62.10
7372,06.07.2026,1,1,397168.80
7372,06.07.2026,2,181,877.80
7372,06.07.2026,3,7240,33.00
7373,07.07.2026,1,0,0.00
7373,07.07.2026,2,208,1564.30
7373,07.07.2026,3,7932,61.60
7374,08.07.2026,1,1,418709.20
7374,08.07.2026,2,183,915.30
7374,08.07.2026,3,7244,34.70
7375,09.07.2026,1,1,427181.60
7375,09.07.2026,2,226,756.10
7375,09.07.2026,3,8017,32.00
7376,10.07.2026,1,2,226767.60
7376,10.07.2026,2,259,700.50
7376,10.07.2026,3,8206,33.20
7377,11.07.2026,1,2,249403.40
7377,11.07.2026,2,273,730.90
7377,11.07.2026,3,9737,30.80
7378,12.07.2026,1,1,327952.40
7378,12.07.2026,2,220,596.30
7378,12.07.2026,3,6729,29.30
7379,13.07.2026,1,0,0.00
7379,13.07.2026,2,176,1835.60
7379,13.07.2026,3,7358,65.90
7380,14.07.2026,1,1,423672.80
7380,14.07.2026,2,182,931.20
7380,14.07.2026,3,7086,35.90
7381,15.07.2026,1,2,208778.40
7381,15.07.2026,2,170,982.50
7381,15.07.2026,3,7719,32.50
7382,16.07.2026,1,1,414785.20
7382,16.07.2026,2,184,901.80
7382,16.07.2026,3,7714,32.30
7383,17.07.2026,1,4,106763.50
7383,17.07.2026,2,220,776.50
7383,17.07.2026,3,7916,32.40
7384,18.07.2026,1,1,476586.40
7384,18.07.2026,2,247,771.80
7384,18.07.2026,3,9294,30.80
7385,19.07.2026,1,1,312443.60
7385,19.07.2026,2,134,932.70
7385,19.07.2026,3,5983,31.40
7386,20.07.2026,1,1,387826.00
7386,20.07.2026,2,164,946.00
7386,20.07.2026,3,7005,33.30
7387,21.07.2026,1,0,0.00
7387,21.07.2026,2,190,1703.60
7387,21.07.2026,3,7057,68.80
7388,22.07.2026,1,0,0.00
7388,22.07.2026,2,191,1693.70
7388,22.07.2026,3,7310,66.40
7389,23.07.2026,1,3,141501.00
7389,23.07.2026,2,225,754.70
7389,23.07.2026,3,8372,30.50
7390,24.07.2026,1,0,0.00
7390,24.07.2026,2,266,1293.20
7390,24.07.2026,3,9823,52.60
7391,25.07.2026,1,1,471540.40
7391,25.07.2026,2,269,701.20
7391,25.07.2026,3,9069,31.20
7392,26.07.2026,1,2,155247.60
7392,26.07.2026,2,177,701.70
7392,26.07.2026,3,5662,33.00
7393,27.07.2026,1,2,197182.00
7393,27.07.2026,2,217,727.00
7393,27.07.2026,3,7623,31.10
7394,28.07.2026,1,1,409682.80
7394,28.07.2026,2,214,765.80
7394,28.07.2026,3,7941,31.00
7395,29.07.2026,1,1,397182.00
7395,29.07.2026,2,210,756.60
7395,29.07.2026,3,7508,31.80
7396,30.07.2026,1,1,393995.60
7396,30.07.2026,2,182,866.00
7396,30.07.2026,3,7364,32.20
7397,31.07.2026,1,1,414810.40
7397,31.07.2026,2,248,669.10
7397,31.07.2026,3,8962,27.80
7398,01.08.2026,1,1,459771.20
7398,01.08.2026,2,263,699.30
7398,01.08.2026,3,8762,31.50
7399,02.08.2026,1,1,307664.40
7399,02.08.2026,2,164,750.50
7399,02.08.2026,3,6777,27.30
7400,03.08.2026,1,0,0.00
7400,03.08.2026,2,217,1415.80
7400,03.08.2026,3,7566,61.00
7401,04.08.2026,1,1,400776.00
7401,04.08.2026,2,247,649.10
7401,04.08.2026,3,8250,29.20
